,Unnamed: 0,Unnamed: 0.1,word1,word2,POS,SimLex999,conc(w1),conc(w2),concQ,Assoc(USF),SimAssoc333,SD(SimLex),w1_conc,w2_conc,w1_same_conc,decontextualized_elmo_similarity,similarity
0,0,0,old,new,A,1.58,2.72,2.81,2,7.25,1,0.41,2.72,2.81,True,0.8012857321124158,1.58
1,1,1,smart,intelligent,A,9.2,1.75,2.46,1,7.11,1,0.67,1.75,2.46,True,0.6197894315636312,9.2
2,2,2,hard,difficult,A,8.77,3.76,2.21,2,5.94,1,1.19,3.76,2.21,True,0.5054246911638012,8.77
3,3,3,happy,cheerful,A,9.55,2.56,2.34,1,5.85,1,2.18,2.56,2.34,True,0.6919462104433891,9.55
4,4,4,hard,easy,A,0.95,3.76,2.07,2,5.82,1,0.93,3.76,2.07,True,0.5845822672602978,0.95
5,5,5,fast,rapid,A,8.75,3.32,3.07,2,5.66,1,1.68,3.32,3.07,True,0.5724269774916622,8.75
6,6,6,happy,glad,A,9.17,2.56,2.36,1,5.49,1,1.59,2.56,2.36,True,0.5368818368049919,9.17
7,7,7,short,long,A,1.23,3.61,3.18,2,5.36,1,1.58,3.61,3.18,True,0.6714593266572106,1.23
8,8,8,stupid,dumb,A,9.58,1.75,2.36,1,5.26,1,1.48,1.75,2.36,True,0.5264704109040595,9.58
9,9,9,weird,strange,A,8.93,1.59,1.86,1,4.26,1,1.3,1.59,1.86,True,0.4200777496701068,8.93
10,10,10,wide,narrow,A,1.03,3.06,3.04,2,4.06,1,0.58,3.06,3.04,True,0.7058363412929426,1.03
11,11,11,bad,awful,A,8.42,1.68,1.92,1,3.41,1,1.74,1.68,1.92,True,0.6589915264022306,8.42
12,12,12,easy,difficult,A,0.58,2.07,2.21,1,2.83,1,0.36,2.07,2.21,True,0.540417896655548,0.58
13,13,13,bad,terrible,A,7.78,1.68,2.04,1,2.31,1,1.43,1.68,2.04,True,0.6056122340262879,7.78
14,14,14,hard,simple,A,1.38,3.76,1.62,2,2.16,1,1.03,3.76,1.62,True,0.8238841038257652,1.38
15,15,15,smart,dumb,A,0.55,1.75,2.36,1,2.1,1,0.47,1.75,2.36,True,0.5857086741218022,0.55
16,16,16,insane,crazy,A,9.57,1.77,2.37,1,2.09,1,0.92,1.77,2.37,True,0.6297525358698635,9.57
17,17,17,happy,mad,A,0.95,2.56,2.76,2,2.07,1,1.4,2.56,2.76,True,0.7321813962202346,0.95
18,18,18,large,huge,A,9.47,3.37,3.54,2,2.0,1,1.27,3.37,3.54,True,0.4431823496001417,9.47
19,19,19,hard,tough,A,8.05,3.76,2.5,2,1.99,1,1.18,3.76,2.5,True,0.5016672003476716,8.05
20,20,20,new,fresh,A,6.83,2.81,1.97,1,1.98,1,1.2,2.81,1.97,True,0.5986769539490966,6.83
21,21,21,sharp,dull,A,0.6,3.86,2.37,2,1.48,1,1.39,3.86,2.37,True,0.875151758099721,0.6
22,22,22,quick,rapid,A,9.7,2.89,3.07,2,1.38,1,1.14,2.89,3.07,True,0.6302679822756034,9.7
23,23,23,dumb,foolish,A,6.67,2.36,1.84,1,1.34,1,1.36,2.36,1.84,True,0.6008338919855627,6.67
24,24,24,wonderful,terrific,A,8.63,1.82,2.07,1,1.17,1,1.63,1.82,2.07,True,0.4134795367080637,8.63
25,25,25,strange,odd,A,9.02,1.86,1.7,1,1.16,1,1.04,1.86,1.7,True,0.5234870620468091,9.02
26,26,26,happy,angry,A,1.28,2.56,2.53,1,1.15,1,1.41,2.56,2.53,True,0.6613079473657841,1.28
27,27,27,narrow,broad,A,1.18,3.04,2.45,2,1.0,1,1.18,3.04,2.45,True,0.6797315451082441,1.18
28,28,28,simple,easy,A,9.4,1.62,2.07,1,0.96,1,1.51,1.62,2.07,True,0.6088769636494449,9.4
29,29,29,old,fresh,A,0.87,2.72,1.97,1,0.91,1,1.64,2.72,1.97,True,0.9419692425804427,0.87
30,30,30,apparent,obvious,A,8.47,1.73,2.07,1,0.89,1,1.52,1.73,2.07,True,0.5566268839583852,8.47
31,31,31,inexpensive,cheap,A,8.72,2.22,2.11,1,0.79,1,0.81,2.22,2.11,True,0.4970156293297797,8.72
32,32,32,nice,generous,A,5.0,2.18,2.25,1,0.77,1,1.14,2.18,2.25,True,0.7081533451727298,5.0
33,33,33,weird,normal,A,0.72,1.59,1.4,1,0.76,1,1.15,1.59,1.4,True,0.8065590676356904,0.72
34,34,34,weird,odd,A,9.2,1.59,1.7,1,0.75,1,1.27,1.59,1.7,True,0.5690590966143219,9.2
35,35,35,bad,immoral,A,7.62,1.68,1.59,1,0.74,1,0.98,1.68,1.59,True,0.7575986922223552,7.62
36,36,36,sad,funny,A,0.95,3.07,2.5,2,0.74,1,1.28,3.07,2.5,True,0.6652714892562965,0.95
37,37,37,wonderful,great,A,8.05,1.82,1.81,1,0.7,1,1.05,1.82,1.81,True,0.5060811297795136,8.05
38,38,38,guilty,ashamed,A,6.38,2.36,1.74,1,0.69,1,0.47,2.36,1.74,True,0.8632199871447195,6.38
39,39,39,beautiful,wonderful,A,6.5,2.16,1.82,1,0.68,1,0.85,2.16,1.82,True,0.43596690348079714,6.5
40,40,40,confident,sure,A,8.27,2.62,1.73,1,0.68,1,1.21,2.62,1.73,True,0.7244317791046992,8.27
41,41,41,dumb,dense,A,7.27,2.36,3.14,2,0.68,1,0.43,2.36,3.14,True,0.8367150221095698,7.27
42,42,42,large,big,A,9.55,3.37,3.66,2,0.68,1,0.44,3.37,3.66,True,0.46749123422937744,9.55
43,43,43,nice,cruel,A,0.67,2.18,2.11,1,0.49,1,1.53,2.18,2.11,True,0.7979653128371207,0.67
44,44,44,impatient,anxious,A,6.03,2.38,1.68,1,0.47,1,1.22,2.38,1.68,True,0.5334577550306321,6.03
45,45,45,big,broad,A,6.73,3.66,2.45,2,0.47,1,1.68,3.66,2.45,True,0.7770014119850972,6.73
46,46,46,strong,proud,A,3.17,3.14,2.07,2,0.42,0,1.46,3.14,2.07,True,0.8006284261011163,3.17
47,47,47,unnecessary,necessary,A,0.63,1.56,1.8,1,0.41,0,0.61,1.56,1.8,True,0.3757082487711899,0.63
48,48,48,restless,young,A,1.6,2.46,3.16,2,0.41,0,0.85,2.46,3.16,True,0.8315837415746903,1.6
49,49,49,dumb,intelligent,A,0.75,2.36,2.46,1,0.37,0,1.5,2.36,2.46,True,0.7186275859605834,0.75
50,50,50,bad,great,A,0.35,1.68,1.81,1,0.35,0,1.49,1.68,1.81,True,0.7458261615537984,0.35
51,51,51,difficult,simple,A,0.87,2.21,1.62,1,0.34,0,0.44,2.21,1.62,True,0.7138108960521948,0.87
52,52,52,necessary,important,A,7.37,1.8,2.14,1,0.34,0,1.36,1.8,2.14,True,0.720848761108055,7.37
53,53,53,bad,terrific,A,0.65,1.68,2.07,1,0.28,0,1.43,1.68,2.07,True,0.7624204784694244,0.65
54,54,54,mad,glad,A,1.45,2.76,2.36,1,0.28,0,1.17,2.76,2.36,True,0.7966230244620524,1.45
55,55,55,honest,guilty,A,1.18,1.66,2.36,1,0.27,0,1.68,1.66,2.36,True,0.8409246156175362,1.18
56,56,56,easy,tough,A,0.52,2.07,2.5,1,0.27,0,1.87,2.07,2.5,True,0.602682143627137,0.52
57,57,57,easy,flexible,A,4.1,2.07,2.64,1,0.27,0,1.08,2.07,2.64,True,0.7773181282038887,4.1
58,58,58,certain,sure,A,8.42,1.68,1.73,1,0.23,0,1.29,1.68,1.73,True,0.587320779469307,8.42
59,59,59,essential,necessary,A,8.97,1.52,1.8,1,0.21,0,1.11,1.52,1.8,True,0.5529342985292001,8.97
60,60,60,different,normal,A,1.08,1.97,1.4,1,0.21,0,1.75,1.97,1.4,True,0.8400845799871917,1.08
61,61,61,sly,clever,A,7.25,2.03,1.79,1,0.21,0,1.41,2.03,1.79,True,0.6949151314906187,7.25
62,62,62,crucial,important,A,8.82,2.08,2.14,1,0.21,0,1.25,2.08,2.14,True,0.4004669676858561,8.82
63,63,63,harsh,cruel,A,8.18,2.23,2.11,1,0.21,0,1.66,2.23,2.11,True,0.5640131602092671,8.18
64,64,64,childish,foolish,A,5.5,2.52,1.84,1,0.21,0,1.45,2.52,1.84,True,0.5713252846058678,5.5
65,65,65,scarce,rare,A,9.17,2.57,1.96,1,0.21,0,1.21,2.57,1.96,True,0.736772770899659,9.17
66,66,66,friendly,generous,A,5.9,2.32,2.25,1,0.21,0,0.6,2.32,2.25,True,0.7553828411622244,5.9
67,67,67,fragile,frigid,A,2.38,2.86,3.28,2,0.21,0,0.84,2.86,3.28,True,0.7605397424820979,2.38
68,68,68,long,narrow,A,3.57,3.18,3.04,2,0.21,0,1.62,3.18,3.04,True,0.8920825566634778,3.57
69,69,69,big,heavy,A,6.18,3.66,3.37,2,0.21,0,1.54,3.66,3.37,True,0.7080306332600763,6.18
70,70,70,rough,frigid,A,2.47,3.83,3.28,2,0.21,0,1.37,3.83,3.28,True,0.8042533748177091,2.47
71,71,71,bizarre,strange,A,9.37,1.79,1.86,1,0.2,0,1.54,1.79,1.86,True,0.4822153036861948,9.37
72,72,72,illegal,immoral,A,4.28,2.37,1.59,1,0.2,0,1.57,2.37,1.59,True,0.5933263962712607,4.28
73,73,73,bad,guilty,A,4.2,1.68,2.36,1,0.2,0,1.47,1.68,2.36,True,0.852158963352205,4.2
74,74,74,modern,ancient,A,0.73,2.31,2.04,1,0.2,0,0.71,2.31,2.04,True,0.718619695839957,0.73
75,75,75,new,ancient,A,0.23,2.81,2.04,1,0.2,0,0.46,2.81,2.04,True,0.8906351481840354,0.23
76,76,76,dull,funny,A,0.55,2.37,2.5,1,0.2,0,1.76,2.37,2.5,True,0.7367145425631536,0.55
77,77,77,happy,young,A,2.0,2.56,3.16,2,0.2,0,0.47,2.56,3.16,True,0.8677166821584594,2.0
78,78,78,easy,big,A,1.12,2.07,3.66,2,0.2,0,1.22,2.07,3.66,True,0.8493373732630508,1.12
79,79,79,great,awful,A,1.17,1.81,1.92,1,0.15,0,1.53,1.81,1.92,True,0.6598746291323699,1.17
80,80,80,tiny,huge,A,0.6,3.11,3.54,2,0.15,0,0.59,3.11,3.54,True,0.6690559441048204,0.6
81,81,81,polite,proper,A,7.63,1.85,1.78,1,0.14,0,1.42,1.85,1.78,True,0.8156227276929696,7.63
82,82,82,modest,ashamed,A,2.65,2.21,1.74,1,0.14,0,1.0,2.21,1.74,True,0.9093660570687633,2.65
83,83,83,exotic,rare,A,8.05,2.11,1.96,1,0.14,0,0.93,2.11,1.96,True,0.7487473772503039,8.05
84,84,84,dumb,clever,A,1.17,2.36,1.79,1,0.14,0,1.3,2.36,1.79,True,0.6756633145520488,1.17
85,85,85,delightful,wonderful,A,8.65,2.38,1.82,1,0.14,0,1.29,2.38,1.82,True,0.3686061914185472,8.65
86,86,86,noticeable,obvious,A,8.48,2.29,2.07,1,0.14,0,1.69,2.29,2.07,True,0.6392715178240038,8.48
87,87,87,afraid,anxious,A,5.07,2.7,1.68,1,0.14,0,1.28,2.7,1.68,True,0.6677513754732449,5.07
88,88,88,formal,proper,A,8.02,2.7,1.78,1,0.14,0,1.31,2.7,1.78,True,0.7846085652459198,8.02
89,89,89,dreary,dull,A,8.25,2.33,2.37,1,0.14,0,1.85,2.33,2.37,True,0.5683970533520188,8.25
90,90,90,delightful,cheerful,A,6.58,2.38,2.34,1,0.14,0,1.56,2.38,2.34,True,0.6248526214816786,6.58
91,91,91,unhappy,mad,A,5.95,2.04,2.76,1,0.14,0,1.36,2.04,2.76,True,0.7398619214802412,5.95
92,92,92,sad,terrible,A,5.4,3.07,2.04,1,0.14,0,0.44,3.07,2.04,True,0.6707474273483731,5.4
93,93,93,sick,crazy,A,3.57,2.97,2.37,2,0.14,0,0.95,2.97,2.37,True,0.8109682282759978,3.57
94,94,94,violent,angry,A,6.98,3.1,2.53,2,0.14,0,1.55,3.1,2.53,True,0.7320883194875007,6.98
95,95,95,laden,heavy,A,5.9,2.96,3.37,2,0.14,0,1.28,2.96,3.37,True,0.7848586348350062,5.9
96,96,96,dirty,cheap,A,1.6,4.23,2.11,2,0.14,0,1.1,4.23,2.11,True,0.7422147795706724,1.6
97,97,97,elastic,flexible,A,7.78,3.73,2.64,2,0.14,0,1.09,3.73,2.64,True,0.723859420595017,7.78
98,98,98,hard,dense,A,5.9,3.76,3.14,2,0.14,0,1.0,3.76,3.14,True,0.8678846568076115,5.9
99,99,99,recent,new,A,7.05,2.5,2.81,2,0.13,0,1.05,2.5,2.81,True,0.8243674148202187,7.05
100,100,100,bold,proud,A,3.97,2.43,2.07,1,0.12,0,1.36,2.43,2.07,True,0.7647927157389994,3.97
101,101,101,sly,strange,A,1.97,2.03,1.86,1,0.0,0,1.07,2.03,1.86,True,0.8794360574673066,1.97
102,102,102,strange,sly,A,2.07,1.86,2.03,1,0.0,0,0.51,1.86,2.03,True,0.8794360574673066,2.07
103,103,103,dumb,rare,A,0.48,2.36,1.96,1,0.0,0,1.55,2.36,1.96,True,0.8282285438097649,0.48
104,104,104,sly,tough,A,0.58,2.03,2.5,1,0.0,0,1.01,2.03,2.5,True,0.8951019618964337,0.58
105,105,105,terrific,mad,A,0.4,2.07,2.76,1,0.0,0,0.86,2.07,2.76,True,0.8357941039972371,0.4
106,106,106,modest,flexible,A,0.98,2.21,2.64,1,0.0,0,1.89,2.21,2.64,True,0.7320768934092765,0.98
107,107,107,fresh,wide,A,0.4,1.97,3.06,1,0.0,0,1.41,1.97,3.06,True,0.8648806345040639,0.4
108,108,108,huge,dumb,A,0.48,3.54,2.36,2,0.0,0,0.91,3.54,2.36,True,0.8723418175357923,0.48
109,109,109,large,flexible,A,0.48,3.37,2.64,2,0.0,0,1.59,3.37,2.64,True,0.8940982376299059,0.48
110,110,110,dirty,narrow,A,0.3,4.23,3.04,2,0.0,0,0.89,4.23,3.04,True,0.8395530498041819,0.3
111,111,111,wife,husband,N,2.3,4.13,4.11,3,8.85,1,0.84,4.13,4.11,True,0.29445385083792186,2.3
112,112,112,book,text,N,6.35,4.9,4.93,4,8.81,1,1.43,4.9,4.93,True,0.849284377967435,6.35
113,113,113,groom,bride,N,3.17,4.54,4.63,3,8.65,1,0.68,4.54,4.63,True,0.6135116361969266,3.17
114,114,114,night,day,N,1.88,4.52,3.92,3,8.19,1,1.17,4.52,3.92,True,0.4304356064676118,1.88
115,115,115,south,north,N,2.2,3.84,4.14,3,7.72,1,0.59,3.84,4.14,True,0.18721488178166168,2.2
116,116,116,plane,airport,N,3.65,4.92,4.87,4,7.57,1,1.07,4.92,4.87,True,0.6227559442679207,3.65
117,117,117,uncle,aunt,N,5.5,4.24,4.17,3,7.46,1,1.63,4.24,4.17,True,0.41597368475278107,5.5
118,118,118,horse,mare,N,8.33,5.0,4.75,4,7.4,1,0.73,5.0,4.75,True,0.7360506869125311,8.33
119,119,119,bottom,top,N,0.7,4.25,3.93,3,6.96,1,1.16,4.25,3.93,True,0.5643357874572097,0.7
120,120,120,friend,buddy,N,8.78,3.07,3.48,2,6.87,1,0.93,3.07,3.48,True,0.5908620552751049,8.78
121,121,121,student,pupil,N,9.35,4.92,4.55,3,6.83,1,1.11,4.92,4.55,True,0.5686446668759666,9.35
122,122,122,world,globe,N,6.67,4.36,4.59,3,6.79,1,0.67,4.36,4.59,True,0.5895185841290763,6.67
123,123,123,leg,arm,N,2.88,4.83,4.96,4,6.73,1,0.79,4.83,4.96,True,0.6710093250856177,2.88
124,124,124,plane,jet,N,8.1,4.92,4.77,4,6.62,1,1.24,4.92,4.77,True,0.5009794235701917,8.1
125,125,125,woman,man,N,3.33,4.46,4.79,3,6.6,1,1.42,4.46,4.79,True,0.3382406526802326,3.33
126,126,126,horse,colt,N,7.07,5.0,4.96,4,6.54,1,0.84,5.0,4.96,True,0.6472485057520377,7.07
127,127,127,actress,actor,N,7.12,4.54,4.57,3,5.78,1,1.3,4.54,4.57,True,0.18413482992713048,7.12
128,128,128,teacher,instructor,N,9.25,4.52,4.26,3,5.66,1,1.53,4.52,4.26,True,0.5440531092152969,9.25
129,129,129,movie,film,N,8.87,4.59,4.71,3,5.43,1,1.72,4.59,4.71,True,0.26754767916084676,8.87
130,130,130,bird,hawk,N,7.85,5.0,4.93,4,5.29,1,0.91,5.0,4.93,True,0.8056102885848684,7.85
131,131,131,word,dictionary,N,3.68,3.56,4.62,3,5.2,1,1.56,3.56,4.62,True,0.8492838077081771,3.68
132,132,132,money,salary,N,7.88,4.54,3.69,3,5.16,1,1.11,4.54,3.69,True,0.7864319523304322,7.88
133,133,133,dog,cat,N,1.75,4.85,4.86,4,5.13,1,1.3,4.85,4.86,True,0.49058356514142587,1.75
134,134,134,area,region,N,9.47,3.72,3.19,2,5.12,1,0.58,3.72,3.19,True,0.4301431578394357,9.47
135,135,135,navy,army,N,6.43,3.93,4.7,3,5.0,1,0.53,3.93,4.7,True,0.5046769367466577,6.43
136,136,136,book,literature,N,7.53,4.9,4.1,3,4.86,1,0.45,4.9,4.1,True,0.7218110090272216,7.53
137,137,137,clothes,closet,N,3.27,4.76,4.83,4,4.83,1,1.29,4.76,4.83,True,0.8152736094733982,3.27
138,138,138,sunset,sunrise,N,2.47,4.54,4.69,3,4.8,1,1.12,4.54,4.69,True,0.48075482412727455,2.47
139,139,139,child,adult,N,2.98,4.78,4.4,3,4.59,1,1.48,4.78,4.4,True,0.7212414720664886,2.98
140,140,140,cow,cattle,N,9.52,4.96,4.64,4,4.39,1,0.79,4.96,4.64,True,0.6308499934325528,9.52
141,141,141,book,story,N,5.63,4.9,3.3,3,4.19,1,0.78,4.9,3.3,True,0.7898948859014265,5.63
142,142,142,winter,summer,N,2.38,3.84,3.64,3,3.96,1,0.47,3.84,3.64,True,0.3264566233827204,2.38
143,143,143,taxi,cab,N,9.2,4.93,4.88,4,3.86,1,1.23,4.93,4.88,True,0.46668780811776556,9.2
144,144,144,tree,maple,N,5.53,5.0,4.46,3,3.67,1,1.19,5.0,4.46,True,0.7697448547799849,5.53
145,145,145,bed,bedroom,N,3.4,5.0,4.9,4,3.53,1,1.25,5.0,4.9,True,0.656395933937532,3.4
146,146,146,roof,ceiling,N,7.58,4.79,4.85,4,3.5,1,0.77,4.79,4.85,True,0.6679965919634838,7.58
147,147,147,disease,infection,N,7.15,3.45,4.1,3,3.45,1,1.08,3.45,4.1,True,0.5682006251294076,7.15
148,148,148,arm,shoulder,N,4.85,4.96,4.93,4,3.35,1,1.81,4.96,4.93,True,0.6963651877835804,4.85
149,149,149,sheep,lamb,N,8.42,4.9,4.97,4,3.33,1,1.51,4.9,4.97,True,0.6812072746722079,8.42
150,150,150,lady,gentleman,N,3.42,4.33,3.57,3,3.29,1,1.08,4.33,3.57,True,0.6860683705194899,3.42
151,151,151,boat,anchor,N,2.25,4.93,4.77,4,3.25,1,1.1,4.93,4.77,True,0.9020585384966214,2.25
152,152,152,priest,monk,N,6.28,4.77,4.35,3,3.23,1,0.61,4.77,4.35,True,0.630370303927032,6.28
153,153,153,toe,finger,N,4.68,4.93,5.0,4,3.22,1,0.55,4.93,5.0,True,0.6856061390525915,4.68
154,154,154,river,stream,N,7.3,4.89,4.5,3,3.21,1,0.81,4.89,4.5,True,0.6959538315324013,7.3
155,155,155,anger,fury,N,8.73,2.41,2.89,2,3.06,1,1.89,2.41,2.89,True,0.46743018967395555,8.73
156,156,156,date,calendar,N,4.42,3.9,4.62,3,3.05,1,1.5,3.9,4.62,True,0.8790824220939533,4.42
157,157,157,sea,ocean,N,8.27,4.79,4.86,4,2.91,1,1.3,4.79,4.86,True,0.4948641407857337,8.27
158,158,158,second,minute,N,4.62,3.3,3.04,2,2.84,1,1.15,3.3,3.04,True,0.7947152295892771,4.62
159,159,159,hand,thumb,N,3.88,4.72,4.96,4,2.84,1,0.44,4.72,4.96,True,0.6839157210786184,3.88
160,160,160,wood,log,N,7.3,4.85,4.96,4,2.79,1,0.87,4.85,4.96,True,0.8011365513125723,7.3
161,161,161,mud,dirt,N,7.32,4.86,4.86,4,2.76,1,0.48,4.86,4.86,True,0.6097430040433789,7.32
162,162,162,hallway,corridor,N,9.28,4.74,4.72,3,2.7,1,0.76,4.74,4.72,True,0.6132815768032787,9.28
163,163,163,way,manner,N,7.62,2.34,1.62,1,2.56,1,0.44,2.34,1.62,True,0.6858399565976736,7.62
164,164,164,mouse,cat,N,1.12,4.83,4.86,4,2.56,1,1.02,4.83,4.86,True,0.6999319099694352,1.12
165,165,165,cop,sheriff,N,9.05,4.3,4.5,3,2.54,1,1.55,4.3,4.5,True,0.7141388534280799,9.05
166,166,166,death,burial,N,4.93,3.73,3.93,3,2.46,1,1.88,3.73,3.93,True,0.7452787700904118,4.93
167,167,167,music,melody,N,6.98,4.31,3.71,3,2.43,1,1.36,4.31,3.71,True,0.7099636843968191,6.98
168,168,168,beer,alcohol,N,7.5,4.88,4.76,4,2.4,1,1.07,4.88,4.76,True,0.6699009709431843,7.5
169,169,169,mouth,lip,N,7.1,4.74,4.96,4,2.28,1,1.4,4.74,4.96,True,0.768188200895522,7.1
170,170,170,storm,hurricane,N,6.38,4.7,4.59,3,2.27,1,0.9,4.7,4.59,True,0.47194097008102376,6.38
171,171,171,tax,income,N,2.38,3.89,3.07,2,2.25,1,1.15,3.89,3.07,True,0.8553126930324328,2.38
172,172,172,flower,violet,N,6.95,5.0,4.48,4,2.22,1,1.72,5.0,4.48,True,0.814902649290332,6.95
173,173,173,paper,cardboard,N,5.38,4.93,4.9,4,2.2,1,1.22,4.93,4.9,True,0.7774833400443444,5.38
174,174,174,floor,ceiling,N,1.73,4.8,4.85,4,2.18,1,0.97,4.8,4.85,True,0.7033748089147862,1.73
175,175,175,beach,seashore,N,8.33,4.79,4.63,3,2.15,1,0.47,4.79,4.63,True,0.628882456004501,8.33
176,176,176,rod,curtain,N,3.03,4.43,4.82,3,2.13,1,0.39,4.43,4.82,True,0.9112767750486681,3.03
177,177,177,hound,fox,N,2.38,4.48,4.97,3,2.13,1,1.36,4.48,4.97,True,0.7591008856003152,2.38
178,178,178,street,alley,N,5.48,4.75,4.82,4,2.07,1,1.62,4.75,4.82,True,0.6846573920881349,5.48
179,179,179,boat,deck,N,4.28,4.93,4.77,4,2.04,1,1.39,4.93,4.77,True,0.8140457923616029,4.28
180,180,180,car,horn,N,2.57,4.89,5.0,4,2.04,1,0.79,4.89,5.0,True,0.9058100204342834,2.57
181,181,181,friend,guest,N,4.25,3.07,3.83,2,1.97,1,1.41,3.07,3.83,True,0.8204916765826493,4.25
182,182,182,employer,employee,N,3.65,3.81,4.1,3,1.96,1,0.95,3.81,4.1,True,0.5027921981577568,3.65
183,183,183,hand,wrist,N,3.97,4.72,4.93,4,1.96,1,1.32,4.72,4.93,True,0.7152642171165389,3.97
184,184,184,ball,cannon,N,2.58,5.0,4.79,4,1.96,1,1.82,5.0,4.79,True,0.8627229630511476,2.58
185,185,185,alcohol,brandy,N,6.98,4.76,4.81,4,1.93,1,0.57,4.76,4.81,True,0.7865315714785623,6.98
186,186,186,victory,triumph,N,8.98,2.55,2.17,1,1.9,1,0.94,2.55,2.17,True,0.39567799589081687,8.98
187,187,187,telephone,booth,N,3.63,4.96,4.42,3,1.88,1,1.1,4.96,4.42,True,0.8897008159207117,3.63
188,188,188,door,doorway,N,5.4,4.81,4.75,4,1.88,1,1.86,4.81,4.75,True,0.52658569948726,5.4
189,189,189,motel,inn,N,8.17,4.93,4.64,4,1.86,1,0.39,4.93,4.64,True,0.7441233032417407,8.17
190,190,190,clothes,cloth,N,5.47,4.76,4.9,4,1.82,1,1.43,4.76,4.9,True,0.4485189547926679,5.47
191,191,191,steak,meat,N,7.47,4.96,4.9,4,1.81,1,1.34,4.96,4.9,True,0.6551906110022121,7.47
192,192,192,nail,thumb,N,3.55,4.93,4.96,4,1.76,1,1.16,4.93,4.96,True,0.7648650190301038,3.55
193,193,193,band,orchestra,N,7.08,4.68,4.79,4,1.75,1,1.36,4.68,4.79,True,0.7064492763394147,7.08
194,194,194,book,bible,N,5.0,4.9,4.61,4,1.74,1,1.43,4.9,4.61,True,0.7460651560361702,5.0
195,195,195,business,industry,N,7.02,3.28,3.29,2,1.73,1,1.1,3.28,3.29,True,0.6743426964099777,7.02
196,196,196,winter,season,N,6.27,3.84,3.32,2,1.71,1,1.76,3.84,3.32,True,0.6420673552370028,6.27
197,197,197,decade,century,N,3.48,3.19,2.83,2,1.64,1,1.36,3.19,2.83,True,0.48437727320660695,3.48
198,198,198,alcohol,gin,N,8.65,4.76,4.46,3,1.64,1,1.17,4.76,4.46,True,0.7773296247706247,8.65
199,199,199,hat,coat,N,2.67,4.88,4.97,4,1.62,1,1.76,4.88,4.97,True,0.6693654832089371,2.67
200,200,200,window,door,N,3.33,4.86,4.81,4,1.56,1,1.6,4.86,4.81,True,0.6148335808247825,3.33
201,201,201,arm,wrist,N,3.57,4.96,4.93,4,1.55,1,1.33,4.96,4.93,True,0.6563598405022126,3.57
202,202,202,house,apartment,N,5.8,5.0,4.9,4,1.54,1,1.4,5.0,4.9,True,0.6634735310441322,5.8
203,203,203,glass,crystal,N,6.27,4.82,4.58,3,1.52,1,1.48,4.82,4.58,True,0.7921627992516266,6.27
204,204,204,wine,brandy,N,5.15,4.79,4.81,4,1.52,1,1.67,4.79,4.81,True,0.6940992257483853,5.15
205,205,205,creator,maker,N,9.62,3.07,3.9,2,1.51,1,1.4,3.07,3.9,True,0.5631049157847196,9.62
206,206,206,dinner,breakfast,N,3.33,4.5,4.43,3,1.49,1,1.72,4.5,4.43,True,0.49481068009436635,3.33
207,207,207,arm,muscle,N,3.72,4.96,4.5,3,1.45,1,0.83,4.96,4.5,True,0.8231360395228382,3.72
208,208,208,bubble,suds,N,8.57,4.6,4.59,3,1.42,1,1.59,4.6,4.59,True,0.89011700971637,8.57
209,209,209,bread,flour,N,3.33,4.92,4.97,4,1.42,1,1.25,4.92,4.97,True,0.593315985665916,3.33
210,210,210,death,tragedy,N,5.8,3.73,2.07,2,1.41,1,1.13,3.73,2.07,True,0.8115552260549449,5.8
211,211,211,absence,presence,N,0.4,2.31,2.72,1,1.38,1,1.5,2.31,2.72,True,0.5403940517113404,0.4
212,212,212,gun,cannon,N,5.68,4.83,4.79,4,1.35,1,1.56,4.83,4.79,True,0.7414479217528804,5.68
213,213,213,grass,blade,N,4.57,4.93,4.93,4,1.34,1,1.53,4.93,4.93,True,0.8562746668418515,4.57
214,214,214,ball,basket,N,1.67,5.0,5.0,4,1.33,1,1.08,5.0,5.0,True,0.7058668464366475,1.67
215,215,215,hose,garden,N,1.67,4.87,4.73,4,1.32,1,1.1,4.87,4.73,True,0.9310189828617612,1.67
216,216,216,boy,kid,N,7.5,4.76,4.56,3,1.28,1,1.44,4.76,4.56,True,0.5138807698188999,7.5
217,217,217,church,choir,N,2.95,4.9,4.34,3,1.27,1,1.43,4.9,4.34,True,0.7557581850650066,2.95
218,218,218,clothes,drawer,N,3.02,4.76,4.67,3,1.27,1,1.49,4.76,4.67,True,0.8621340038663832,3.02
219,219,219,tower,bell,N,1.9,4.76,4.96,4,1.22,1,1.41,4.76,4.96,True,0.8406332889195521,1.9
220,220,220,father,parent,N,7.07,4.52,4.56,3,1.19,1,1.06,4.52,4.56,True,0.5642596056650255,7.07
221,221,221,school,grade,N,4.42,4.79,3.0,3,1.18,1,1.32,4.79,3.0,True,0.9049030637125816,4.42
222,222,222,parent,adult,N,5.37,4.56,4.4,3,1.15,1,1.6,4.56,4.4,True,0.8053151368688451,5.37
223,223,223,bar,jail,N,1.9,4.67,4.83,4,1.15,1,1.12,4.67,4.83,True,0.7510841280139092,1.9
224,224,224,car,highway,N,3.4,4.89,4.72,4,1.15,1,1.77,4.89,4.72,True,0.803134511129028,3.4
225,225,225,dictionary,definition,N,6.25,4.62,3.07,3,1.14,1,1.06,4.62,3.07,True,0.7972283458294493,6.25
226,226,226,door,cellar,N,1.97,4.81,4.68,4,1.13,1,1.47,4.81,4.68,True,0.8510444272142957,1.97
227,227,227,army,legion,N,5.95,4.7,2.69,2,1.11,1,1.29,4.7,2.69,True,0.7907251620285015,5.95
228,228,228,metal,aluminum,N,7.25,4.87,4.88,4,1.1,1,1.76,4.87,4.88,True,0.6218509650555684,7.25
229,229,229,chair,bench,N,6.67,4.58,4.87,3,1.09,1,1.22,4.58,4.87,True,0.8026064673725393,6.67
230,230,230,cloud,fog,N,6.0,4.54,4.66,3,1.05,1,1.04,4.54,4.66,True,0.7308890144099536,6.0
231,231,231,boy,son,N,6.75,4.76,4.14,3,1.03,1,0.88,4.76,4.14,True,0.5301536658646862,6.75
232,232,232,water,ice,N,6.47,5.0,4.89,4,1.03,1,1.66,5.0,4.89,True,0.7421449091620229,6.47
233,233,233,bed,blanket,N,3.02,5.0,5.0,4,1.02,1,1.48,5.0,5.0,True,0.7837452913281117,3.02
234,234,234,attorney,lawyer,N,9.35,4.52,4.7,3,1.01,1,1.4,4.52,4.7,True,0.3283739735580866,9.35
235,235,235,area,zone,N,8.33,3.72,3.07,2,0.97,1,0.89,3.72,3.07,True,0.612212406877984,8.33
236,236,236,business,company,N,9.02,3.28,4.11,3,0.97,1,0.47,3.28,4.11,True,0.7340502178675882,9.02
237,237,237,clothes,fabric,N,5.87,4.76,4.63,3,0.96,1,1.66,4.76,4.63,True,0.7316084346321683,5.87
238,238,238,sweater,jacket,N,7.15,4.78,4.86,4,0.96,1,1.13,4.78,4.86,True,0.611020949057564,7.15
239,239,239,money,capital,N,6.67,4.54,4.1,3,0.95,1,0.97,4.54,4.1,True,0.8162531684676482,6.67
240,240,240,hand,foot,N,4.17,4.72,4.9,4,0.95,1,1.41,4.72,4.9,True,0.7600363039765953,4.17
241,241,241,alcohol,cocktail,N,6.73,4.76,4.4,3,0.93,1,1.2,4.76,4.4,True,0.8317695397594854,6.73
242,242,242,yard,inch,N,3.78,4.82,4.37,3,0.93,1,1.4,4.82,4.37,True,0.8139078750708033,3.78
243,243,243,molecule,atom,N,6.45,3.27,3.34,2,0.92,1,1.56,3.27,3.34,True,0.6777917440010672,6.45
244,244,244,lens,camera,N,4.28,4.64,5.0,4,0.9,1,1.89,4.64,5.0,True,0.7469389139947111,4.28
245,245,245,meal,dinner,N,7.15,4.62,4.5,3,0.88,1,2.0,4.62,4.5,True,0.6137959087931035,7.15
246,246,246,eye,tear,N,3.55,4.9,4.56,3,0.88,1,1.48,4.9,4.56,True,0.9530574221611205,3.55
247,247,247,god,devil,N,1.8,2.07,3.41,2,0.87,1,1.1,2.07,3.41,True,0.7587361083548394,1.8
248,248,248,loop,belt,N,3.1,4.26,4.9,3,0.87,1,1.74,4.26,4.9,True,0.8301965076342692,3.1
249,249,249,rat,mouse,N,7.78,4.85,4.83,4,0.87,1,0.93,4.85,4.83,True,0.6693566408209217,7.78
250,250,250,motor,engine,N,8.65,4.84,4.86,4,0.87,1,1.47,4.84,4.86,True,0.7576552175686518,8.65
251,251,251,car,cab,N,7.42,4.89,4.88,4,0.87,1,1.15,4.89,4.88,True,0.6301583792216329,7.42
252,252,252,cat,lion,N,6.75,4.86,4.96,4,0.85,1,0.84,4.86,4.96,True,0.7686629856691884,6.75
253,253,253,size,magnitude,N,6.33,3.13,2.43,2,0.84,1,0.59,3.13,2.43,True,0.7121863952155509,6.33
254,254,254,reality,fantasy,N,1.03,1.72,1.59,1,0.83,1,0.89,1.72,1.59,True,0.7719913237792844,1.03
255,255,255,door,gate,N,5.25,4.81,4.96,4,0.83,1,1.47,4.81,4.96,True,0.5843488440508635,5.25
256,256,256,cat,pet,N,5.95,4.86,4.71,4,0.82,1,1.41,4.86,4.71,True,0.6490873258494712,5.95
257,257,257,tin,aluminum,N,6.42,4.87,4.88,4,0.82,1,1.3,4.87,4.88,True,0.7434012581004006,6.42
258,258,258,bone,jaw,N,4.17,4.9,4.87,4,0.82,1,0.44,4.9,4.87,True,0.7747163320048275,4.17
259,259,259,cereal,wheat,N,3.75,4.83,4.89,4,0.81,1,1.72,4.83,4.89,True,0.6527954990182103,3.75
260,260,260,house,key,N,1.9,5.0,4.89,4,0.8,1,1.09,5.0,4.89,True,1.000862756854392,1.9
261,261,261,blood,flesh,N,4.28,4.86,4.59,3,0.79,1,1.74,4.86,4.59,True,0.7574983281751098,4.28
262,262,262,door,corridor,N,3.73,4.81,4.72,4,0.79,1,1.11,4.81,4.72,True,0.7498596135187399,3.73
263,263,263,god,spirit,N,7.3,2.07,1.6,1,0.77,1,1.63,2.07,1.6,True,0.843450298174296,7.3
264,264,264,capability,competence,N,7.62,1.93,1.78,1,0.77,1,0.84,1.93,1.78,True,0.6852421729749494,7.62
265,265,265,abundance,plenty,N,8.97,2.21,2.39,1,0.77,1,1.02,2.21,2.39,True,0.9453445660106238,8.97
266,266,266,sofa,chair,N,6.67,4.9,4.58,4,0.77,1,1.56,4.9,4.58,True,0.7548947667107182,6.67
267,267,267,wall,brick,N,4.68,4.86,4.83,4,0.77,1,1.16,4.86,4.83,True,0.8393854605659679,4.68
268,268,268,horn,drum,N,2.68,5.0,4.96,4,0.77,1,0.47,5.0,4.96,True,0.7173154343316732,2.68
269,269,269,organ,liver,N,6.15,4.77,4.68,3,0.76,1,1.12,4.77,4.68,True,0.7127711152829418,6.15
270,270,270,strength,might,N,7.07,2.96,2.32,2,0.74,1,0.8,2.96,2.32,True,0.9966201708261087,7.07
271,271,271,phrase,word,N,5.48,2.86,3.56,2,0.74,1,1.73,2.86,3.56,True,0.530404626478479,5.48
272,272,272,band,parade,N,3.92,4.68,4.54,3,0.74,1,1.74,4.68,4.54,True,0.782515571270586,3.92
273,273,273,stomach,waist,N,5.9,4.89,4.72,4,0.74,1,1.49,4.89,4.72,True,0.7361727983533304,5.9
274,274,274,cloud,storm,N,5.6,4.54,4.7,3,0.73,1,1.47,4.54,4.7,True,0.7805484745502067,5.6
275,275,275,joy,pride,N,5.0,2.37,1.66,1,0.72,1,0.9,2.37,1.66,True,0.7091631944690067,5.0
276,276,276,noise,rattle,N,6.17,3.52,4.07,3,0.72,1,1.33,3.52,4.07,True,0.8503791953818022,6.17
277,277,277,rain,mist,N,5.97,4.97,4.51,4,0.71,1,1.83,4.97,4.51,True,0.6942900398325307,5.97
278,278,278,beer,beverage,N,5.42,4.88,4.6,4,0.71,1,1.34,4.88,4.6,True,0.6181346820682894,5.42
279,279,279,man,uncle,N,3.92,4.79,4.24,3,0.7,1,1.36,4.79,4.24,True,0.7990116618731672,3.92
280,280,280,apple,juice,N,2.88,5.0,4.89,4,0.7,1,1.65,5.0,4.89,True,0.8233691453112368,2.88
281,281,281,intelligence,logic,N,6.5,2.24,1.72,1,0.68,1,1.2,2.24,1.72,True,0.8462506617649954,6.5
282,282,282,communication,language,N,7.47,2.9,2.35,2,0.68,1,1.09,2.9,2.35,True,0.766124982006147,7.47
283,283,283,mink,fur,N,6.83,4.58,4.69,3,0.68,1,0.39,4.58,4.69,True,0.6525796580603438,6.83
284,284,284,mob,crowd,N,7.85,3.88,4.52,3,0.67,1,1.2,3.88,4.52,True,0.6315623593410917,7.85
285,285,285,shore,coast,N,8.83,4.79,4.21,3,0.67,1,1.53,4.79,4.21,True,0.7255851232175177,8.83
286,286,286,wire,cord,N,7.62,4.72,4.63,3,0.67,1,1.35,4.72,4.63,True,0.7542053023821904,7.62
287,287,287,bird,turkey,N,6.58,5.0,4.89,4,0.67,1,1.6,5.0,4.89,True,0.7064796788403341,6.58
288,288,288,bed,crib,N,7.3,5.0,4.86,4,0.65,1,1.56,5.0,4.86,True,0.7083507138853171,7.3
289,289,289,competence,ability,N,7.5,1.78,1.81,1,0.63,1,0.6,1.78,1.81,True,0.6407968832669794,7.5
290,290,290,cloud,haze,N,7.32,4.54,4.04,3,0.63,1,1.68,4.54,4.04,True,0.7130902656421454,7.32
291,291,291,supper,meal,N,7.53,4.63,4.62,3,0.63,1,0.47,4.63,4.62,True,0.6356445361904726,7.53
292,292,292,bar,cage,N,2.8,4.67,5.0,4,0.63,1,0.51,4.67,5.0,True,0.8226466206061073,2.8
293,293,293,water,salt,N,1.3,5.0,4.89,4,0.63,1,0.94,5.0,4.89,True,0.8023865494308773,1.3
294,294,294,sense,intuition,N,7.68,2.61,1.67,1,0.62,1,1.24,2.61,1.67,True,0.9427598214204956,7.68
295,295,295,situation,condition,N,6.58,2.03,2.15,1,0.61,1,1.41,2.03,2.15,True,0.6999403603932655,6.58
296,296,296,crime,theft,N,7.53,3.03,2.93,2,0.61,1,1.32,3.03,2.93,True,0.7452506396879642,7.53
297,297,297,style,fashion,N,8.5,2.67,3.43,2,0.61,1,0.87,2.67,3.43,True,0.6246130143000641,8.5
298,298,298,boundary,border,N,9.08,3.04,4.29,2,0.61,1,0.44,3.04,4.29,True,0.610645492958334,9.08
299,299,299,arm,body,N,4.05,4.96,4.79,4,0.61,1,0.51,4.96,4.79,True,0.7496995298262983,4.05
300,300,300,boat,car,N,2.37,4.93,4.89,4,0.61,1,1.17,4.93,4.89,True,0.5886259511085818,2.37
301,301,301,sandwich,lunch,N,6.3,4.9,4.31,3,0.58,1,1.53,4.9,4.31,True,0.7807011850839674,6.3
302,302,302,bride,princess,N,2.8,4.63,4.72,3,0.58,1,0.92,4.63,4.72,True,0.6574171177882749,2.8
303,303,303,heroine,hero,N,8.78,4.21,3.07,2,0.56,1,1.79,4.21,3.07,True,0.31809284591017806,8.78
304,304,304,car,gauge,N,1.13,4.89,4.0,3,0.56,1,1.47,4.89,4.0,True,0.9910793737644306,1.13
305,305,305,insect,bee,N,6.07,4.89,4.88,4,0.55,1,1.34,4.89,4.88,True,0.6900673545586004,6.07
306,306,306,crib,cradle,N,8.55,4.86,4.93,4,0.55,1,1.15,4.86,4.93,True,0.7786630511414221,8.55
307,307,307,animal,person,N,3.05,4.61,4.72,3,0.54,1,1.38,4.61,4.72,True,0.8324927116493164,3.05
308,308,308,marijuana,herb,N,6.5,4.89,4.57,3,0.54,1,0.59,4.89,4.57,True,0.8147055106117924,6.5
309,309,309,bed,hospital,N,0.92,5.0,4.64,4,0.54,1,1.35,5.0,4.64,True,0.8280680835752796,0.92
310,310,310,cheek,tongue,N,4.52,4.83,4.93,4,0.54,1,0.47,4.83,4.93,True,0.717556378045388,4.52
311,311,311,disc,computer,N,3.2,4.85,4.93,4,0.54,1,0.44,4.85,4.93,True,0.880277919823207,3.2
312,312,312,curve,angle,N,3.33,4.41,3.5,3,0.53,1,1.51,4.41,3.5,True,0.7585248447361217,3.33
313,313,313,grass,moss,N,5.0,4.93,4.9,4,0.53,1,1.27,4.93,4.9,True,0.7048665501327334,5.0
314,314,314,school,law,N,1.13,4.79,2.57,2,0.52,1,1.49,4.79,2.57,True,0.8605568401688483,1.13
315,315,315,foot,head,N,2.3,4.9,4.75,4,0.52,1,0.62,4.9,4.75,True,0.7933761418403188,2.3
316,316,316,mother,guardian,N,6.5,4.6,3.28,3,0.51,1,1.13,4.6,3.28,True,0.8084029108496068,6.5
317,317,317,orthodontist,dentist,N,8.27,4.43,4.93,3,0.51,1,1.47,4.43,4.93,True,0.42775256221820723,8.27
318,318,318,alcohol,whiskey,N,7.27,4.76,4.74,4,0.51,1,1.19,4.76,4.74,True,0.739190495667262,7.27
319,319,319,mouth,tooth,N,6.3,4.74,4.89,4,0.51,1,1.39,4.74,4.89,True,0.7620429824118307,6.3
320,320,320,breakfast,bacon,N,4.37,4.43,4.9,3,0.5,1,1.46,4.43,4.9,True,0.8196085392546153,4.37
321,321,321,bathroom,bedroom,N,3.4,4.52,4.9,3,0.5,1,1.73,4.52,4.9,True,0.3971690203763596,3.4
322,322,322,plate,bowl,N,5.23,4.77,4.87,4,0.5,1,1.46,4.77,4.87,True,0.769018857552317,5.23
323,323,323,meat,bacon,N,5.8,4.9,4.9,4,0.5,1,1.5,4.9,4.9,True,0.6364902002213741,5.8
324,324,324,air,helium,N,3.63,4.11,3.96,3,0.49,1,1.59,4.11,3.96,True,0.7518667140270521,3.63
325,325,325,worker,employer,N,5.37,4.59,3.81,3,0.49,1,1.4,4.59,3.81,True,0.7325256719621817,5.37
326,326,326,body,chest,N,4.45,4.79,4.93,4,0.49,1,1.45,4.79,4.93,True,0.7722075133467876,4.45
327,327,327,son,father,N,3.82,4.14,4.52,3,0.48,1,1.75,4.14,4.52,True,0.5464779125544557,3.82
328,328,328,heart,surgery,N,1.08,4.52,4.34,3,0.48,1,1.07,4.52,4.34,True,0.9094613927887738,1.08
329,329,329,woman,secretary,N,1.98,4.46,4.54,3,0.48,1,1.6,4.46,4.54,True,0.8861328621766056,1.98
330,330,330,man,father,N,4.83,4.79,4.52,3,0.48,1,1.62,4.79,4.52,True,0.6906497008067289,4.83
331,331,331,beach,island,N,5.6,4.79,4.96,4,0.48,1,0.39,4.79,4.96,True,0.6304564185215709,5.6
332,332,332,story,topic,N,5.0,3.3,2.59,2,0.47,1,1.7,3.3,2.59,True,0.7416986714751717,5.0
333,333,333,game,fun,N,3.42,4.5,1.97,2,0.47,1,2.07,4.5,1.97,True,0.8821508593446968,3.42
334,334,334,weekend,week,N,4.0,3.83,3.48,2,0.47,1,1.57,3.83,3.48,True,0.39856866321077755,4.0
335,335,335,couple,pair,N,8.33,3.93,3.88,3,0.47,1,1.5,3.93,3.88,True,0.5595321232066672,8.33
336,336,336,woman,wife,N,5.72,4.46,4.13,3,0.47,1,1.35,4.46,4.13,True,0.6209474431606682,5.72
337,337,337,sheep,cattle,N,4.77,4.9,4.64,4,0.47,1,0.47,4.9,4.64,True,0.5589072437202673,4.77
338,338,338,purse,bag,N,8.33,4.9,4.9,4,0.47,1,1.39,4.9,4.9,True,0.7866760132604966,8.33
339,339,339,ceiling,cathedral,N,2.42,4.85,4.86,4,0.46,1,1.57,4.85,4.86,True,0.8801683192280868,2.42
340,340,340,bean,coffee,N,5.15,5.0,4.81,4,0.46,1,1.52,5.0,4.81,True,0.7988954498708281,5.15
341,341,341,wood,paper,N,2.88,4.85,4.93,4,0.44,0,1.55,4.85,4.93,True,0.8124331473417448,2.88
342,342,342,top,side,N,1.9,3.93,3.68,3,0.43,0,1.29,3.93,3.68,True,0.8812775169801977,1.9
343,343,343,crime,fraud,N,5.65,3.03,1.68,1,0.42,0,1.18,3.03,1.68,True,0.7294835657770148,5.65
344,344,344,pain,harm,N,5.38,3.5,2.62,2,0.42,0,0.95,3.5,2.62,True,0.8199581294726637,5.38
345,345,345,lover,companion,N,5.97,3.68,3.75,3,0.42,0,0.8,3.68,3.75,True,0.7547115330809228,5.97
346,346,346,evening,dusk,N,7.78,3.26,4.24,3,0.42,0,1.32,3.26,4.24,True,0.7393160195415418,7.78
347,347,347,father,daughter,N,2.62,4.52,4.79,3,0.42,0,1.69,4.52,4.79,True,0.5623071564191343,2.62
348,348,348,wine,liquor,N,7.85,4.79,4.73,4,0.42,0,0.78,4.79,4.73,True,0.6973799589422369,7.85
349,349,349,cow,goat,N,2.93,4.96,5.0,4,0.42,0,0.59,4.96,5.0,True,0.6496133166038882,2.93
350,350,350,belief,opinion,N,7.7,1.19,1.93,1,0.41,0,1.24,1.19,1.93,True,0.7582702187369589,7.7
351,351,351,reality,illusion,N,1.42,1.72,2.48,1,0.41,0,1.36,1.72,2.48,True,0.8391478590588647,1.42
352,352,352,pact,agreement,N,9.02,2.52,2.22,1,0.41,0,1.2,2.52,2.22,True,0.5158721273491191,9.02
353,353,353,wealth,poverty,N,1.27,2.63,2.54,1,0.41,0,1.47,2.63,2.54,True,0.7405708653157608,1.27
354,354,354,accident,emergency,N,4.93,3.26,2.41,2,0.41,0,0.49,3.26,2.41,True,0.8184956639747065,4.93
355,355,355,battle,conquest,N,7.22,4.0,2.54,2,0.41,0,0.89,4.0,2.54,True,0.7730391360759594,7.22
356,356,356,friend,teacher,N,2.62,3.07,4.52,3,0.41,0,1.29,3.07,4.52,True,0.7516555461617159,2.62
357,357,357,illness,infection,N,6.9,3.54,4.1,3,0.41,0,1.28,3.54,4.1,True,0.6379354525077198,6.9
358,358,358,game,trick,N,2.32,4.5,3.36,3,0.41,0,1.02,4.5,3.36,True,0.8882783802132902,2.32
359,359,359,brother,son,N,3.48,4.43,4.14,3,0.41,0,1.61,4.43,4.14,True,0.3719975277115394,3.48
360,360,360,aunt,nephew,N,3.1,4.17,4.48,3,0.41,0,1.31,4.17,4.48,True,0.5475836243130638,3.1
361,361,361,worker,mechanic,N,4.92,4.59,4.38,3,0.41,0,1.2,4.59,4.38,True,0.7627422830764905,4.92
362,362,362,doctor,orthodontist,N,5.58,4.69,4.43,3,0.41,0,1.25,4.69,4.43,True,0.5490710232546671,5.58
363,363,363,oak,maple,N,6.03,4.82,4.46,3,0.41,0,0.39,4.82,4.46,True,0.6167115417239416,6.03
364,364,364,bee,queen,N,3.27,4.88,4.45,3,0.41,0,1.2,4.88,4.45,True,0.893045479314862,3.27
365,365,365,car,bicycle,N,3.47,4.89,4.89,4,0.41,0,1.68,4.89,4.89,True,0.6084412138728099,3.47
366,366,366,goal,quest,N,5.83,3.06,2.87,2,0.4,0,1.31,3.06,2.87,True,0.8749228562229439,5.83
367,367,367,august,month,N,5.53,3.04,4.2,2,0.4,0,1.54,3.04,4.2,True,0.8014892520017068,5.53
368,368,368,army,squad,N,5.08,4.7,3.65,3,0.4,0,1.61,4.7,3.65,True,0.8094768060946189,5.08
369,369,369,cloud,weather,N,4.87,4.54,3.83,3,0.4,0,0.94,4.54,3.83,True,0.8665655707139511,4.87
370,370,370,physician,doctor,N,8.88,4.65,4.69,3,0.4,0,1.5,4.65,4.69,True,0.36525204817915824,8.88
371,371,371,canyon,valley,N,6.75,4.81,4.72,4,0.4,0,1.39,4.81,4.72,True,0.6177634449554981,6.75
372,372,372,river,valley,N,1.67,4.89,4.72,4,0.4,0,1.23,4.89,4.72,True,0.6777815390232582,1.67
373,373,373,sun,sky,N,2.27,4.83,4.45,3,0.39,0,1.67,4.83,4.45,True,0.6375267118889676,2.27
374,374,374,target,arrow,N,3.25,4.11,4.97,3,0.38,0,1.74,4.11,4.97,True,0.9305437585903734,3.25
375,375,375,chocolate,pie,N,2.27,4.72,4.92,4,0.38,0,1.79,4.72,4.92,True,0.7273702963664779,2.27
376,376,376,circumstance,situation,N,7.85,1.77,2.03,1,0.36,0,1.31,1.77,2.03,True,0.7017540849298547,7.85
377,377,377,opinion,choice,N,5.43,1.93,1.9,1,0.36,0,1.5,1.93,1.9,True,0.8676772849452083,5.43
378,378,378,rhythm,melody,N,6.12,3.07,3.71,2,0.36,0,1.27,3.07,3.71,True,0.8038411645860882,6.12
379,379,379,gut,nerve,N,4.93,4.15,3.89,3,0.36,0,1.65,4.15,3.89,True,0.7456162562376135,4.93
380,380,380,day,dawn,N,5.47,3.92,4.46,3,0.36,0,1.45,3.92,4.46,True,0.73504002600423,5.47
381,381,381,cattle,beef,N,7.03,4.64,4.74,3,0.36,0,1.53,4.64,4.74,True,0.7274691854155739,7.03
382,382,382,doctor,professor,N,4.65,4.69,4.86,4,0.36,0,1.19,4.69,4.86,True,0.6885323754202186,4.65
383,383,383,arm,vein,N,3.65,4.96,4.63,4,0.36,0,1.62,4.96,4.63,True,0.9466765531805602,3.65
384,384,384,room,bath,N,3.33,4.79,4.85,4,0.36,0,0.49,4.79,4.85,True,0.8052708898963601,3.33
385,385,385,corporation,business,N,9.02,2.79,3.28,2,0.35,0,1.44,2.79,3.28,True,0.814697785444686,9.02
386,386,386,fun,football,N,1.97,1.97,4.73,2,0.35,0,1.43,1.97,4.73,True,0.8585919750228846,1.97
387,387,387,hill,cliff,N,4.28,4.93,4.71,4,0.35,0,1.26,4.93,4.71,True,0.5938911393002283,4.28
388,388,388,bone,ankle,N,3.82,4.9,4.81,4,0.35,0,0.69,4.9,4.81,True,0.8421535872029006,3.82
389,389,389,apple,candy,N,2.08,5.0,4.83,4,0.35,0,0.75,5.0,4.83,True,0.7429085140003278,2.08
390,390,390,helper,maid,N,5.58,3.39,4.64,3,0.34,0,0.44,3.39,4.64,True,0.7803657122653992,5.58
391,391,391,leader,manager,N,7.27,3.89,4.14,3,0.34,0,1.43,3.89,4.14,True,0.621609073336829,7.27
392,392,392,lemon,tea,N,1.6,5.0,4.69,4,0.34,0,1.33,5.0,4.69,True,0.7263545445970707,1.6
393,393,393,bee,ant,N,2.78,4.88,4.86,4,0.34,0,1.04,4.88,4.86,True,0.6961471144392473,2.78
394,394,394,basketball,baseball,N,4.92,4.97,4.86,4,0.34,0,0.93,4.97,4.86,True,0.34057519201480213,4.92
395,395,395,rice,bean,N,2.72,4.86,5.0,4,0.34,0,1.27,4.86,5.0,True,0.7573899429289236,2.72
396,396,396,bed,furniture,N,6.08,5.0,4.89,4,0.34,0,0.84,5.0,4.89,True,0.8853464624403307,6.08
397,397,397,emotion,passion,N,7.72,2.44,2.3,1,0.33,0,1.3,2.44,2.3,True,0.6610612237824125,7.72
398,398,398,anarchy,chaos,N,7.93,2.12,2.79,1,0.33,0,1.35,2.12,2.79,True,0.5545490370244737,7.93
399,399,399,crime,violation,N,7.12,3.03,2.67,2,0.33,0,0.87,3.03,2.67,True,0.8700037728279238,7.12
400,400,400,machine,engine,N,5.58,4.25,4.86,3,0.33,0,1.95,4.25,4.86,True,0.7384439849272757,5.58
401,401,401,beach,sea,N,4.68,4.79,4.79,4,0.33,0,1.08,4.79,4.79,True,0.6958149572595147,4.68
402,402,402,alley,bowl,N,1.53,4.82,4.87,4,0.33,0,0.51,4.82,4.87,True,0.840069225216355,1.53
403,403,403,jar,bottle,N,7.83,5.0,4.91,4,0.33,0,1.44,5.0,4.91,True,0.6616419491335939,7.83
404,404,404,strength,capability,N,5.28,2.96,1.93,1,0.32,0,1.33,2.96,1.93,True,0.7420524243042175,5.28
405,405,405,seed,mustard,N,3.48,4.71,4.93,4,0.32,0,0.59,4.71,4.93,True,0.8801570843220474,3.48
406,406,406,guitar,drum,N,3.78,4.9,4.96,4,0.32,0,1.72,4.9,4.96,True,0.6989785354848481,3.78
407,407,407,opinion,idea,N,5.7,1.93,1.61,1,0.31,0,1.29,1.93,1.61,True,0.8102544208570057,5.7
408,408,408,north,west,N,3.63,4.14,3.44,3,0.31,0,1.6,4.14,3.44,True,0.27912287948350567,3.63
409,409,409,diet,salad,N,2.98,3.21,4.97,3,0.31,0,1.6,3.21,4.97,True,0.7445081908162468,2.98
410,410,410,mother,wife,N,3.02,4.6,4.13,3,0.31,0,1.62,4.6,4.13,True,0.5017935384747563,3.02
411,411,411,dad,mother,N,3.55,4.29,4.6,3,0.31,0,1.44,4.29,4.6,True,0.4896134313740076,3.55
412,412,412,captain,sailor,N,5.0,4.19,4.86,3,0.31,0,1.43,4.19,4.86,True,0.6525861289932485,5.0
413,413,413,meter,yard,N,5.6,4.7,4.82,4,0.31,0,1.32,4.7,4.82,True,0.7237914296655255,5.6
414,414,414,beer,champagne,N,4.45,4.88,4.82,4,0.31,0,1.2,4.88,4.82,True,0.5717246294973476,4.45
415,415,415,motor,boat,N,2.57,4.84,4.93,4,0.31,0,1.45,4.84,4.93,True,0.8588175153889696,2.57
416,416,416,card,bridge,N,1.97,4.9,4.97,4,0.31,0,1.69,4.9,4.97,True,0.9309297951042369,1.97
417,417,417,science,psychology,N,4.92,2.79,2.31,1,0.3,0,1.91,2.79,2.31,True,0.7007936531520449,4.92
418,418,418,sinner,saint,N,1.6,3.07,3.45,2,0.3,0,1.39,3.07,3.45,True,0.713015310118181,1.6
419,419,419,destruction,construction,N,0.98,3.21,3.72,2,0.3,0,1.69,3.21,3.72,True,0.6120984337099944,0.98
420,420,420,crowd,bunch,N,7.42,4.52,3.5,3,0.3,0,1.37,4.52,3.5,True,0.7890509296318445,7.42
421,421,421,beach,reef,N,3.77,4.79,4.7,4,0.3,0,1.85,4.79,4.7,True,0.6669050099554159,3.77
422,422,422,man,child,N,4.13,4.79,4.78,4,0.3,0,1.34,4.79,4.78,True,0.7489040298676837,4.13
423,423,423,bread,cheese,N,1.95,4.92,4.7,4,0.3,0,1.52,4.92,4.7,True,0.7110460517454487,1.95
424,424,424,champion,winner,N,8.73,3.82,3.21,2,0.29,0,1.15,3.82,3.21,True,0.6032740267160104,8.73
425,425,425,celebration,ceremony,N,7.72,3.47,3.57,2,0.29,0,0.61,3.47,3.57,True,0.6677649790513389,7.72
426,426,426,menu,order,N,3.62,4.67,2.79,3,0.29,0,1.42,4.67,2.79,True,0.9581898242821988,3.62
427,427,427,king,princess,N,3.27,4.1,4.72,3,0.29,0,1.7,4.1,4.72,True,0.6189602242909443,3.27
428,428,428,wealth,prestige,N,6.07,2.63,1.61,1,0.28,0,1.55,2.63,1.61,True,0.780152825174565,6.07
429,429,429,endurance,strength,N,6.58,2.0,2.96,1,0.28,0,0.59,2.0,2.96,True,0.7945742438750091,6.58
430,430,430,danger,threat,N,8.78,2.68,2.52,2,0.28,0,1.56,2.68,2.52,True,0.5302261499476165,8.78
431,431,431,god,priest,N,4.5,2.07,4.77,2,0.28,0,1.2,2.07,4.77,True,0.8585296232001601,4.5
432,432,432,men,fraternity,N,3.13,4.75,2.46,2,0.28,0,1.11,4.75,2.46,True,0.9338944125869822,3.13
433,433,433,buddy,companion,N,8.65,3.48,3.75,2,0.28,0,1.64,3.48,3.75,True,0.6674713343733896,8.65
434,434,434,teacher,helper,N,4.28,4.52,3.39,3,0.28,0,1.65,4.52,3.39,True,0.80551331733305,4.28
435,435,435,body,stomach,N,3.93,4.79,4.89,4,0.28,0,1.15,4.79,4.89,True,0.7876722531424241,3.93
436,436,436,tongue,throat,N,3.1,4.93,4.97,4,0.28,0,1.31,4.93,4.97,True,0.6644052181145736,3.1
437,437,437,house,carpet,N,1.38,5.0,4.96,4,0.28,0,1.44,5.0,4.96,True,0.8325270663667096,1.38
438,438,438,intelligence,skill,N,5.35,2.24,2.17,1,0.27,0,1.29,2.24,2.17,True,0.8778466083484142,5.35
439,439,439,journey,conquest,N,4.72,2.57,2.54,1,0.27,0,1.12,2.57,2.54,True,0.910791518380487,4.72
440,440,440,god,prey,N,1.23,2.07,3.61,2,0.27,0,1.73,2.07,3.61,True,0.8746412533040893,1.23
441,441,441,brother,soul,N,0.97,4.43,1.86,2,0.27,0,1.18,4.43,1.86,True,0.8105275884707936,0.97
442,442,442,adversary,opponent,N,9.05,2.93,3.52,2,0.27,0,1.4,2.93,3.52,True,0.5914769794599943,9.05
443,443,443,death,catastrophe,N,4.13,3.73,2.96,2,0.27,0,1.46,3.73,2.96,True,0.7943134596715001,4.13
444,444,444,monster,demon,N,6.95,3.72,3.32,2,0.27,0,1.5,3.72,3.32,True,0.6197790090588565,6.95
445,445,445,day,morning,N,4.87,3.92,3.44,2,0.27,0,1.95,3.92,3.44,True,0.5329257654378845,4.87
446,446,446,man,victor,N,1.9,4.79,2.88,3,0.27,0,1.67,4.79,2.88,True,0.8653902979039412,1.9
447,447,447,friend,guy,N,3.88,3.07,4.68,3,0.27,0,1.49,3.07,4.68,True,0.8411934207525553,3.88
448,448,448,song,story,N,3.97,4.46,3.3,3,0.27,0,1.27,4.46,3.3,True,0.7546197614303429,3.97
449,449,449,ray,sunshine,N,6.83,3.57,4.21,3,0.27,0,1.55,3.57,4.21,True,0.9008991940170799,6.83
450,450,450,guy,stud,N,5.83,4.68,4.0,3,0.27,0,1.7,4.68,4.0,True,0.981290889957126,5.83
451,451,451,chicken,rice,N,1.43,4.8,4.86,4,0.27,0,1.47,4.8,4.86,True,0.6208390503503304,1.43
452,452,452,box,elevator,N,1.32,4.9,4.79,4,0.27,0,1.28,4.9,4.79,True,0.8669843085577554,1.32
453,453,453,butter,potato,N,1.22,4.9,4.85,4,0.27,0,1.19,4.9,4.85,True,0.6915828613432524,1.22
454,454,454,apartment,furniture,N,1.28,4.9,4.89,4,0.27,0,1.72,4.9,4.89,True,0.762459821770897,1.28
455,455,455,lake,swamp,N,4.92,4.88,4.96,4,0.27,0,1.6,4.88,4.96,True,0.6807025881731427,4.92
456,456,456,salad,vinegar,N,1.13,4.97,4.89,4,0.27,0,1.65,4.97,4.89,True,0.7121956399065804,1.13
457,457,457,flower,bulb,N,4.48,5.0,4.93,4,0.27,0,1.27,5.0,4.93,True,0.8300860382963832,4.48
458,458,458,cloud,mist,N,6.67,4.54,4.51,3,0.26,0,1.43,4.54,4.51,True,0.7604031987026948,6.67
459,459,459,driver,pilot,N,6.28,4.71,4.67,3,0.26,0,1.52,4.71,4.67,True,0.6141804794154251,6.28
460,460,460,sugar,honey,N,5.13,4.87,4.88,4,0.26,0,1.07,4.87,4.88,True,0.7119825294047329,5.13
461,461,461,body,shoulder,N,2.88,4.79,4.93,4,0.25,0,1.47,4.79,4.93,True,0.8738496662332479,2.88
462,462,462,idea,image,N,3.55,1.61,3.85,2,0.24,0,1.47,1.61,3.85,True,0.7930590468448886,3.55
463,463,463,father,brother,N,4.2,4.52,4.43,3,0.24,0,1.28,4.52,4.43,True,0.3941817922037819,4.2
464,464,464,moon,planet,N,5.87,4.9,4.58,4,0.24,0,1.57,4.9,4.58,True,0.6899814504820836,5.87
465,465,465,ball,costume,N,2.32,5.0,4.57,4,0.24,0,1.02,5.0,4.57,True,0.8970402190514426,2.32
466,466,466,rail,fence,N,5.22,4.9,4.82,4,0.24,0,1.17,4.9,4.82,True,0.8299942122335561,5.22
467,467,467,room,bed,N,2.35,4.79,5.0,4,0.24,0,1.31,4.79,5.0,True,0.7616336059850206,2.35
468,468,468,flower,bush,N,4.25,5.0,4.9,4,0.24,0,1.66,5.0,4.9,True,0.8593386282155845,4.25
469,469,469,bone,knee,N,4.17,4.9,5.0,4,0.24,0,1.64,4.9,5.0,True,0.8154345615330295,4.17
470,470,470,arm,knee,N,2.75,4.96,5.0,4,0.24,0,0.59,4.96,5.0,True,0.6941399177323919,2.75
471,471,471,bottom,side,N,2.63,4.25,3.68,3,0.22,0,1.51,4.25,3.68,True,0.9227520426822593,2.63
472,472,472,vessel,vein,N,5.15,4.66,4.63,3,0.22,0,1.55,4.66,4.63,True,0.8485908035437831,5.15
473,473,473,cat,rabbit,N,2.37,4.86,4.93,4,0.22,0,1.67,4.86,4.93,True,0.6219785920469004,2.37
474,474,474,meat,sandwich,N,2.35,4.9,4.9,4,0.22,0,1.69,4.9,4.9,True,0.7072343760800825,2.35
475,475,475,belief,concept,N,5.08,1.19,1.41,1,0.21,0,1.44,1.19,1.41,True,0.7781527341773419,5.08
476,476,476,intelligence,insight,N,5.9,2.24,1.72,1,0.21,0,1.59,2.24,1.72,True,0.740807435320831,5.9
477,477,477,attention,interest,N,7.22,2.3,1.8,1,0.21,0,1.21,2.3,1.8,True,0.7671365457706969,7.22
478,478,478,attitude,confidence,N,4.35,1.97,2.17,1,0.21,0,1.22,1.97,2.17,True,0.8393694277682187,4.35
479,479,479,right,justice,N,7.05,3.47,1.45,1,0.21,0,1.52,3.47,1.45,True,1.0201562038603862,7.05
480,480,480,argument,agreement,N,1.45,2.85,2.22,1,0.21,0,1.36,2.85,2.22,True,0.7172693139020172,1.45
481,481,481,depth,magnitude,N,6.12,3.11,2.43,2,0.21,0,1.64,3.11,2.43,True,0.718820803055651,6.12
482,482,482,medium,news,N,3.65,3.0,3.41,2,0.21,0,1.3,3.0,3.41,True,0.9734173638557398,3.65
483,483,483,winner,candidate,N,2.78,3.21,3.81,2,0.21,0,1.29,3.21,3.81,True,0.7921006710399255,2.78
484,484,484,birthday,date,N,5.08,3.2,3.9,2,0.21,0,1.2,3.2,3.9,True,0.858032077949305,5.08
485,485,485,fee,payment,N,7.15,3.89,3.91,3,0.21,0,1.56,3.89,3.91,True,0.7588880721962358,7.15
486,486,486,bible,hymn,N,5.15,4.61,4.04,3,0.21,0,1.08,4.61,4.04,True,0.8285535089995898,5.15
487,487,487,exit,doorway,N,5.5,3.93,4.75,3,0.21,0,1.73,3.93,4.75,True,0.923460536898547,5.5
488,488,488,man,sentry,N,3.25,4.79,4.04,3,0.21,0,1.22,4.79,4.04,True,0.93577056784228,3.25
489,489,489,aisle,hall,N,6.35,4.35,4.67,3,0.21,0,0.96,4.35,4.67,True,0.7383678676204697,6.35
490,490,490,whiskey,gin,N,6.28,4.74,4.46,3,0.21,0,1.14,4.74,4.46,True,0.5979088218680814,6.28
491,491,491,blood,marrow,N,3.4,4.86,4.48,3,0.21,0,1.17,4.86,4.48,True,0.7554627625592496,3.4
492,492,492,oil,mink,N,1.23,4.93,4.58,4,0.21,0,1.53,4.93,4.58,True,0.8611136275829882,1.23
493,493,493,floor,deck,N,5.55,4.8,4.77,4,0.21,0,1.06,4.8,4.77,True,0.7999528093055825,5.55
494,494,494,roof,floor,N,2.62,4.79,4.8,4,0.21,0,1.66,4.79,4.8,True,0.698924459700287,2.62
495,495,495,door,floor,N,1.67,4.81,4.8,4,0.21,0,0.39,4.81,4.8,True,0.6531785742476487,1.67
496,496,496,shoulder,head,N,3.42,4.93,4.75,4,0.21,0,1.14,4.93,4.75,True,0.7803486729246196,3.42
497,497,497,wagon,carriage,N,7.7,4.89,4.86,4,0.21,0,1.84,4.89,4.86,True,0.6952037312415965,7.7
498,498,498,car,carriage,N,5.13,4.89,4.86,4,0.21,0,1.2,4.89,4.86,True,0.7084072987797001,5.13
499,499,499,elbow,ankle,N,3.13,5.0,4.81,4,0.21,0,1.48,5.0,4.81,True,0.5032684694230025,3.13
500,500,500,wealth,fame,N,4.02,2.63,1.96,1,0.2,0,1.1,2.63,1.96,True,0.7673136528060638,4.02
501,501,501,sorrow,shame,N,4.77,2.36,2.24,1,0.2,0,1.52,2.36,2.24,True,0.6253609414431819,4.77
502,502,502,administration,management,N,7.25,2.78,2.72,2,0.2,0,1.67,2.78,2.72,True,0.7013043793706646,7.25
503,503,503,communication,conversation,N,8.02,2.9,3.28,2,0.2,0,0.88,2.9,3.28,True,0.6633710518312117,8.02
504,504,504,pollution,atmosphere,N,4.25,3.75,3.04,2,0.2,0,0.98,3.75,3.04,True,0.8570873101828186,4.25
505,505,505,anatomy,biology,N,5.33,3.59,3.48,2,0.2,0,1.37,3.59,3.48,True,0.6080267238741845,5.33
506,506,506,college,profession,N,3.12,4.62,2.83,3,0.2,0,1.41,4.62,2.83,True,0.8621313703257317,3.12
507,507,507,book,topic,N,2.07,4.9,2.59,3,0.2,0,1.22,4.9,2.59,True,0.863061784064219,2.07
508,508,508,formula,equation,N,7.95,4.11,3.65,3,0.2,0,0.56,4.11,3.65,True,0.8477394796424669,7.95
509,509,509,book,information,N,5.0,4.9,2.87,3,0.2,0,1.13,4.9,2.87,True,0.9069183675587388,5.0
510,510,510,boy,partner,N,1.9,4.76,3.53,3,0.2,0,1.54,4.76,3.53,True,0.874094394391758,1.9
511,511,511,sky,universe,N,4.68,4.45,3.85,3,0.2,0,1.39,4.45,3.85,True,0.7678037870115323,4.68
512,512,512,population,people,N,7.68,3.64,4.82,3,0.2,0,0.8,3.64,4.82,True,0.7760545585592173,7.68
513,513,513,college,class,N,4.13,4.62,3.85,3,0.2,0,1.16,4.62,3.85,True,0.838586310472278,4.13
514,514,514,chief,mayor,N,4.85,4.26,4.37,3,0.2,0,1.25,4.26,4.37,True,0.7013005360022586,4.85
515,515,515,rabbi,minister,N,7.62,4.64,4.22,3,0.2,0,1.35,4.64,4.22,True,0.7278877975572144,7.62
516,516,516,meter,inch,N,5.08,4.7,4.37,3,0.2,0,1.19,4.7,4.37,True,0.7167639732792779,5.08
517,517,517,polyester,cotton,N,5.63,4.12,4.97,3,0.2,0,1.53,4.12,4.97,True,0.6467071377384298,5.63
518,518,518,lawyer,banker,N,1.88,4.7,4.43,3,0.2,0,1.18,4.7,4.43,True,0.6033907773951495,1.88
519,519,519,violin,instrument,N,6.58,4.96,4.27,3,0.2,0,1.39,4.96,4.27,True,0.709195463320488,6.58
520,520,520,camp,cabin,N,4.2,4.35,4.92,3,0.2,0,1.2,4.35,4.92,True,0.8603280593799767,4.2
521,521,521,pot,appliance,N,2.53,4.81,4.57,3,0.2,0,1.26,4.81,4.57,True,0.936920134604363,2.53
522,522,522,linen,fabric,N,7.47,4.8,4.63,3,0.2,0,1.26,4.8,4.63,True,0.8034922057958065,7.47
523,523,523,whiskey,champagne,N,5.33,4.74,4.82,4,0.2,0,1.29,4.74,4.82,True,0.6535985658874306,5.33
524,524,524,girl,child,N,5.38,4.85,4.78,4,0.2,0,1.21,4.85,4.78,True,0.5571674539503428,5.38
525,525,525,cottage,cabin,N,7.72,4.85,4.92,4,0.2,0,1.47,4.85,4.92,True,0.7790663450029561,7.72
526,526,526,bird,hen,N,7.03,5.0,4.9,4,0.2,0,1.43,5.0,4.9,True,0.7254865327613231,7.03
527,527,527,racket,noise,N,8.1,4.26,3.52,3,0.19,0,1.49,4.26,3.52,True,0.9115406343471437,8.1
528,528,528,sunset,evening,N,5.98,4.54,3.26,3,0.19,0,1.35,4.54,3.26,True,0.823937470283947,5.98
529,529,529,drizzle,rain,N,9.17,4.21,4.97,3,0.19,0,0.39,4.21,4.97,True,0.5600062358134429,9.17
530,530,530,adult,baby,N,2.22,4.4,5.0,3,0.19,0,0.39,4.4,5.0,True,0.7772405264056759,2.22
531,531,531,charcoal,coal,N,7.63,4.85,4.66,4,0.19,0,1.43,4.85,4.66,True,0.5897535092049653,7.63
532,532,532,body,spine,N,4.78,4.79,4.88,4,0.19,0,1.22,4.79,4.88,True,0.8130750728912757,4.78
533,533,533,head,nail,N,2.47,4.75,4.93,4,0.19,0,1.4,4.75,4.93,True,0.8399514471198254,2.47
534,534,534,log,timber,N,8.05,4.96,4.9,4,0.19,0,1.12,4.96,4.9,True,0.7886997464159329,8.05
535,535,535,spoon,cup,N,2.02,4.96,5.0,4,0.19,0,0.9,4.96,5.0,True,0.7722375585631779,2.02
536,536,536,body,nerve,N,3.13,4.79,3.89,3,0.18,0,1.12,4.79,3.89,True,0.8805621096269654,3.13
537,537,537,man,husband,N,5.32,4.79,4.11,3,0.18,0,1.71,4.79,4.11,True,0.7251853392693641,5.32
538,538,538,bone,neck,N,2.53,4.9,5.0,4,0.18,0,1.05,4.9,5.0,True,0.806704542257049,2.53
539,539,539,frustration,anger,N,6.5,2.06,2.41,1,0.17,0,0.39,2.06,2.41,True,0.5289541992622682,6.5
540,540,540,river,sea,N,5.72,4.89,4.79,4,0.17,0,0.39,4.89,4.79,True,0.703688689492289,5.72
541,541,541,task,job,N,8.87,2.84,3.19,2,0.16,0,1.75,2.84,3.19,True,0.6749166117824532,8.87
542,542,542,club,society,N,5.23,3.78,2.54,2,0.16,0,1.59,3.78,2.54,True,0.7910773157318407,5.23
543,543,543,reflection,image,N,7.27,3.29,3.85,2,0.16,0,1.06,3.29,3.85,True,0.8751407686202455,7.27
544,544,544,prince,king,N,5.92,4.44,4.1,3,0.16,0,1.05,4.44,4.1,True,0.5848588229729749,5.92
545,545,545,snow,weather,N,5.48,4.85,3.83,3,0.16,0,1.36,4.85,3.83,True,0.7215700212484275,5.48
546,546,546,people,party,N,2.2,4.82,3.89,3,0.16,0,1.42,4.82,3.89,True,0.8872539928735226,2.2
547,547,547,boy,brother,N,6.67,4.76,4.43,3,0.16,0,1.58,4.76,4.43,True,0.6199011642006342,6.67
548,548,548,root,grass,N,3.55,4.34,4.93,3,0.16,0,1.35,4.34,4.93,True,0.8840235102251283,3.55
549,549,549,brow,eye,N,3.82,4.39,4.9,3,0.16,0,1.41,4.39,4.9,True,0.7654793429230817,3.82
550,550,550,money,pearl,N,2.1,4.54,4.87,3,0.16,0,1.94,4.54,4.87,True,0.9386170562947026,2.1
551,551,551,money,diamond,N,3.42,4.54,4.89,3,0.16,0,1.37,4.54,4.89,True,0.8720663346207496,3.42
552,552,552,vehicle,bus,N,6.47,4.64,4.9,4,0.16,0,1.38,4.64,4.9,True,0.7098432734024684,6.47
553,553,553,cab,bus,N,5.6,4.88,4.9,4,0.16,0,1.64,4.88,4.9,True,0.6136626474757785,5.6
554,554,554,house,barn,N,4.33,5.0,4.79,4,0.16,0,1.6,5.0,4.79,True,0.6964081099866493,4.33
555,555,555,finger,palm,N,3.33,5.0,4.83,4,0.16,0,1.5,5.0,4.83,True,0.7669160091726558,3.33
556,556,556,car,bridge,N,0.95,4.89,4.97,4,0.16,0,1.2,4.89,4.97,True,0.8431419911727414,0.95
557,557,557,effort,difficulty,N,4.45,2.33,1.9,1,0.15,0,1.22,2.33,1.9,True,0.8325366418657122,4.45
558,558,558,fact,insight,N,4.77,2.72,1.72,1,0.15,0,1.11,2.72,1.72,True,0.8702738118671153,4.77
559,559,559,job,management,N,3.97,3.19,2.72,2,0.15,0,1.33,3.19,2.72,True,0.9676233137495158,3.97
560,560,560,cancer,sickness,N,7.93,3.86,3.45,2,0.15,0,1.57,3.86,3.45,True,0.788493869526028,7.93
561,561,561,word,newspaper,N,2.47,3.56,4.82,3,0.15,0,0.94,3.56,4.82,True,0.8285274236672573,2.47
562,562,562,composer,writer,N,6.58,4.37,4.32,3,0.15,0,0.8,4.37,4.32,True,0.5270374616519464,6.58
563,563,563,actor,singer,N,4.52,4.57,4.62,3,0.15,0,1.26,4.57,4.62,True,0.49477426496806154,4.52
564,564,564,shelter,hut,N,6.47,4.64,4.65,3,0.15,0,1.59,4.64,4.65,True,0.7918216583242146,6.47
565,565,565,bathroom,kitchen,N,3.1,4.52,4.97,4,0.15,0,1.22,4.52,4.97,True,0.5598572888563477,3.1
566,566,566,cabin,hut,N,6.53,4.92,4.65,4,0.15,0,1.37,4.92,4.65,True,0.7771226016056529,6.53
567,567,567,door,kitchen,N,1.67,4.81,4.97,4,0.15,0,0.44,4.81,4.97,True,0.8173381187315002,1.67
568,568,568,value,belief,N,7.07,1.62,1.19,1,0.14,0,0.95,1.62,1.19,True,0.8460089712419908,7.07
569,569,569,wisdom,intelligence,N,7.47,1.53,2.24,1,0.14,0,1.33,1.53,2.24,True,0.7874892970263863,7.47
570,570,570,ignorance,intelligence,N,1.5,1.6,2.24,1,0.14,0,1.3,1.6,2.24,True,0.8376747737324618,1.5
571,571,571,happiness,luck,N,2.38,2.6,1.33,1,0.14,0,1.2,2.6,1.33,True,0.8223652828592167,2.38
572,572,572,idea,scheme,N,6.75,1.61,2.41,1,0.14,0,1.47,1.61,2.41,True,0.7955059356105395,6.75
573,573,573,mood,emotion,N,8.12,1.75,2.44,1,0.14,0,1.64,1.75,2.44,True,0.7552467157077214,8.12
574,574,574,happiness,peace,N,6.03,2.6,1.62,1,0.14,0,1.35,2.6,1.62,True,0.813511906555193,6.03
575,575,575,despair,misery,N,7.22,2.21,2.04,1,0.14,0,1.06,2.21,2.04,True,0.6690899712500626,7.22
576,576,576,logic,arithmetic,N,3.97,1.72,2.74,1,0.14,0,1.81,1.72,2.74,True,0.7060590718725919,3.97
577,577,577,denial,confession,N,1.03,2.46,2.4,1,0.14,0,1.64,2.46,2.4,True,0.745047227429368,1.03
578,578,578,argument,criticism,N,5.08,2.85,2.07,1,0.14,0,1.07,2.85,2.07,True,0.773717285761947,5.08
579,579,579,aggression,hostility,N,8.48,2.68,2.24,1,0.14,0,0.44,2.68,2.24,True,0.5709514162540954,8.48
580,580,580,hysteria,confusion,N,6.33,2.86,2.24,1,0.14,0,0.44,2.86,2.24,True,0.7060251395521144,6.33
581,581,581,chemistry,theory,N,3.17,3.64,1.47,1,0.14,0,1.4,3.64,1.47,True,0.7814517138862311,3.17
582,582,582,trial,verdict,N,3.33,3.07,2.19,2,0.14,0,1.18,3.07,2.19,True,0.7793031975072424,3.33
583,583,583,comfort,safety,N,5.8,2.89,2.37,2,0.14,0,1.21,2.89,2.37,True,0.7308140171999425,5.8
584,584,584,confidence,self,N,3.12,2.17,3.1,2,0.14,0,1.24,2.17,3.1,True,0.8676476092407279,3.12
585,585,585,vision,perception,N,6.88,3.39,2.0,2,0.14,0,1.31,3.39,2.0,True,0.7299754949173102,6.88
586,586,586,era,decade,N,5.4,2.24,3.19,2,0.14,0,1.02,2.24,3.19,True,0.6340146744447424,5.4
587,587,587,biography,fiction,N,1.38,3.39,2.14,2,0.14,0,1.24,3.39,2.14,True,0.7428530856764373,1.38
588,588,588,discussion,argument,N,5.48,3.07,2.85,2,0.14,0,1.43,3.07,2.85,True,0.7067113262665752,5.48
589,589,589,code,symbol,N,6.03,3.0,3.11,2,0.14,0,1.67,3.0,3.11,True,0.9081074279038439,6.03
590,590,590,danger,disease,N,3.0,2.68,3.45,2,0.14,0,0.44,2.68,3.45,True,0.8017986829146576,3.0
591,591,591,accident,catastrophe,N,5.9,3.26,2.96,2,0.14,0,1.63,3.26,2.96,True,0.71419098999877,5.9
592,592,592,journey,trip,N,8.88,2.57,3.71,2,0.14,0,1.14,2.57,3.71,True,0.5289246893976667,8.88
593,593,593,activity,movement,N,7.15,2.72,3.63,2,0.14,0,1.1,2.72,3.63,True,0.755275096267639,7.15
594,594,594,gossip,news,N,5.22,3.0,3.41,2,0.14,0,1.21,3.0,3.41,True,0.6210233761115216,5.22
595,595,595,father,god,N,3.57,4.52,2.07,2,0.14,0,1.31,4.52,2.07,True,0.8225974620385849,3.57
596,596,596,action,course,N,5.45,2.86,3.82,2,0.14,0,1.75,2.86,3.82,True,0.898544345650591,5.45
597,597,597,fever,illness,N,7.65,3.27,3.54,2,0.14,0,1.54,3.27,3.54,True,0.7555435012901114,7.65
598,598,598,aviation,flight,N,8.18,3.39,3.9,2,0.14,0,1.83,3.39,3.9,True,0.8130128370421792,8.18
599,599,599,game,action,N,4.85,4.5,2.86,2,0.14,0,1.12,4.5,2.86,True,0.8749363723749897,4.85
600,600,600,molecule,air,N,3.05,3.27,4.11,2,0.14,0,1.84,3.27,4.11,True,1.0327561218265644,3.05
601,601,601,home,state,N,2.58,4.11,3.52,3,0.14,0,1.6,4.11,3.52,True,0.9470156550883907,2.58
602,602,602,word,literature,N,4.77,3.56,4.1,3,0.14,0,0.59,3.56,4.1,True,0.9282773100006072,4.77
603,603,603,adult,guardian,N,6.9,4.4,3.28,3,0.14,0,1.19,4.4,3.28,True,0.8194481699519579,6.9
604,604,604,newspaper,information,N,5.65,4.82,2.87,3,0.14,0,1.31,4.82,2.87,True,0.8629189402837266,5.65
605,605,605,communication,television,N,5.6,2.9,4.83,3,0.14,0,1.27,2.9,4.83,True,0.8410061715481943,5.6
606,606,606,cousin,uncle,N,4.63,3.7,4.24,3,0.14,0,1.84,3.7,4.24,True,0.5092567001703676,4.63
607,607,607,author,reader,N,1.6,4.26,3.89,3,0.14,0,1.47,4.26,3.89,True,0.760812730740849,1.6
608,608,608,guy,partner,N,3.57,4.68,3.53,3,0.14,0,1.24,4.68,3.53,True,0.9275893927461348,3.57
609,609,609,area,corner,N,2.07,3.72,4.61,3,0.14,0,1.41,3.72,4.61,True,0.78982255808162,2.07
610,610,610,ballad,song,N,7.53,3.88,4.46,3,0.14,0,0.84,3.88,4.46,True,0.5861663368513342,7.53
611,611,611,wall,decoration,N,2.62,4.86,3.53,3,0.14,0,0.89,4.86,3.53,True,0.9822557674658131,2.62
612,612,612,word,page,N,2.92,3.56,4.9,3,0.14,0,0.99,3.56,4.9,True,0.8537181215013323,2.92
613,613,613,nurse,scientist,N,2.08,4.39,4.24,3,0.14,0,1.06,4.39,4.24,True,0.7606565895426993,2.08
614,614,614,politician,president,N,7.38,4.33,4.4,3,0.14,0,1.05,4.33,4.4,True,0.7206780984867981,7.38
615,615,615,president,mayor,N,5.68,4.4,4.37,3,0.14,0,1.4,4.4,4.37,True,0.5461077303152326,5.68
616,616,616,book,essay,N,4.72,4.9,3.97,3,0.14,0,1.3,4.9,3.97,True,0.6746025093494712,4.72
617,617,617,man,warrior,N,4.72,4.79,4.17,3,0.14,0,1.03,4.79,4.17,True,0.8321973773175941,4.72
618,618,618,article,journal,N,6.18,4.33,4.63,3,0.14,0,1.45,4.33,4.63,True,0.7859372039114709,6.18
619,619,619,breakfast,supper,N,4.4,4.43,4.63,3,0.14,0,1.47,4.43,4.63,True,0.642321399007711,4.4
620,620,620,crowd,parade,N,3.93,4.52,4.54,3,0.14,0,1.05,4.52,4.54,True,0.8418258340583749,3.93
621,621,621,aisle,hallway,N,6.75,4.35,4.74,3,0.14,0,1.36,4.35,4.74,True,0.662392365134531,6.75
622,622,622,teacher,rabbi,N,4.37,4.52,4.64,3,0.14,0,1.12,4.52,4.64,True,0.7068167656780542,4.37
623,623,623,hip,lip,N,1.43,4.21,4.96,3,0.14,0,1.45,4.21,4.96,True,0.5780258524749698,1.43
624,624,624,book,article,N,5.43,4.9,4.33,3,0.14,0,0.95,4.9,4.33,True,0.7992033539543256,5.43
625,625,625,room,cell,N,4.58,4.79,4.44,3,0.14,0,1.28,4.79,4.44,True,0.8023434494765285,4.58
626,626,626,box,booth,N,3.8,4.9,4.42,3,0.14,0,1.38,4.9,4.42,True,0.7236164646631746,3.8
627,627,627,daughter,kid,N,4.17,4.79,4.56,3,0.14,0,1.24,4.79,4.56,True,0.7197686724051828,4.17
628,628,628,limb,leg,N,6.9,4.64,4.83,4,0.14,0,1.23,4.64,4.83,True,0.7003920369007732,6.9
629,629,629,liver,lung,N,2.7,4.68,4.82,4,0.14,0,1.38,4.68,4.82,True,0.5577894281004805,2.7
630,630,630,classroom,hallway,N,2.0,4.76,4.74,4,0.14,0,1.23,4.76,4.74,True,0.6577970276983924,2.0
631,631,631,mountain,ledge,N,3.73,4.96,4.72,4,0.14,0,1.21,4.96,4.72,True,0.8688531614163861,3.73
632,632,632,car,elevator,N,1.03,4.89,4.79,4,0.14,0,1.19,4.89,4.79,True,0.7784649506909218,1.03
633,633,633,bed,couch,N,3.42,5.0,4.71,4,0.14,0,1.85,5.0,4.71,True,0.695627562573791,3.42
634,634,634,clothes,button,N,2.3,4.76,4.96,4,0.14,0,1.44,4.76,4.96,True,0.9154663468694129,2.3
635,635,635,clothes,coat,N,5.35,4.76,4.97,4,0.14,0,1.37,4.76,4.97,True,0.684281777020726,5.35
636,636,636,kidney,organ,N,6.17,4.96,4.77,4,0.14,0,0.95,4.96,4.77,True,0.6118017099918012,6.17
637,637,637,apple,sauce,N,1.43,5.0,4.75,4,0.14,0,2.11,5.0,4.75,True,0.8930205663772188,1.43
638,638,638,chicken,steak,N,3.73,4.8,4.96,4,0.14,0,1.39,4.8,4.96,True,0.6021661271642724,3.73
639,639,639,car,hose,N,0.87,4.89,4.87,4,0.14,0,0.78,4.89,4.87,True,0.8878239887550708,0.87
640,640,640,tobacco,cigarette,N,7.5,4.88,4.88,4,0.14,0,1.49,4.88,4.88,True,0.5550038015758318,7.5
641,641,641,student,professor,N,1.95,4.92,4.86,4,0.14,0,1.13,4.92,4.86,True,0.6961154146934234,1.95
642,642,642,baby,daughter,N,5.0,5.0,4.79,4,0.14,0,1.29,5.0,4.79,True,0.6637016824158826,5.0
643,643,643,pipe,cigar,N,6.03,4.88,4.93,4,0.14,0,1.01,4.88,4.93,True,0.7451258946050971,6.03
644,644,644,milk,juice,N,4.05,4.92,4.89,4,0.14,0,1.46,4.92,4.89,True,0.7305085079042724,4.05
645,645,645,box,cigar,N,1.25,4.9,4.93,4,0.14,0,1.89,4.9,4.93,True,0.9222670533871501,1.25
646,646,646,apartment,hotel,N,3.33,4.9,4.93,4,0.14,0,1.18,4.9,4.93,True,0.6233920761311309,3.33
647,647,647,cup,cone,N,3.17,5.0,4.86,4,0.14,0,1.13,5.0,4.86,True,0.8001351278987158,3.17
648,648,648,horse,ox,N,3.02,5.0,4.86,4,0.14,0,1.18,5.0,4.86,True,0.7053529997635373,3.02
649,649,649,throat,nose,N,2.8,4.97,4.89,4,0.14,0,1.12,4.97,4.89,True,0.682677022179127,2.8
650,650,650,bone,teeth,N,4.17,4.9,4.96,4,0.14,0,1.92,4.9,4.96,True,0.7294595538986767,4.17
651,651,651,bone,elbow,N,3.78,4.9,5.0,4,0.14,0,1.58,4.9,5.0,True,0.8586394396012151,3.78
652,652,652,bacon,bean,N,1.22,4.9,5.0,4,0.14,0,0.92,4.9,5.0,True,0.8232990790937891,1.22
653,653,653,cup,jar,N,5.13,5.0,5.0,4,0.14,0,1.17,5.0,5.0,True,0.7703185087198121,5.13
654,654,654,proof,fact,N,7.3,2.67,2.72,2,0.13,0,1.7,2.67,2.72,True,0.8755405778731667,7.3
655,655,655,appointment,engagement,N,6.75,3.0,2.75,2,0.13,0,1.59,3.0,2.75,True,0.8409016661052714,6.75
656,656,656,birthday,year,N,1.67,3.2,3.25,2,0.13,0,1.69,3.2,3.25,True,0.8386609474849831,1.67
657,657,657,word,clue,N,2.53,3.56,2.93,2,0.13,0,1.65,3.56,2.93,True,0.92336845966603,2.53
658,658,658,author,creator,N,8.02,4.26,3.07,2,0.13,0,1.5,4.26,3.07,True,0.5880317682841802,8.02
659,659,659,atom,carbon,N,3.1,3.34,4.22,3,0.13,0,0.93,3.34,4.22,True,0.8207469635926734,3.1
660,660,660,archbishop,bishop,N,7.05,4.14,4.21,3,0.13,0,1.59,4.14,4.21,True,0.28702163955526927,7.05
661,661,661,letter,paragraph,N,4.0,4.7,3.96,3,0.13,0,1.12,4.7,3.96,True,0.7570689486862952,4.0
662,662,662,page,paragraph,N,3.03,4.9,3.96,3,0.13,0,1.37,4.9,3.96,True,0.6397054731309733,3.03
663,663,663,steeple,chapel,N,7.08,4.74,4.6,3,0.13,0,1.03,4.74,4.6,True,0.7641457942110558,7.08
664,664,664,muscle,bone,N,3.65,4.5,4.9,3,0.13,0,1.68,4.5,4.9,True,0.747678831845375,3.65
665,665,665,muscle,tongue,N,5.0,4.5,4.93,3,0.13,0,1.65,4.5,4.93,True,0.9098033714418319,5.0
666,666,666,boy,soldier,N,2.15,4.76,4.72,4,0.13,0,1.51,4.76,4.72,True,0.7099444690472083,2.15
667,667,667,belly,abdomen,N,8.13,4.8,4.7,4,0.13,0,1.53,4.8,4.7,True,0.77713359459362,8.13
668,668,668,guy,girl,N,3.33,4.68,4.85,4,0.13,0,1.9,4.68,4.85,True,0.5397041816331182,3.33
669,669,669,bed,chair,N,3.5,5.0,4.58,4,0.13,0,1.26,5.0,4.58,True,0.8537251745630721,3.5
670,670,670,clothes,jacket,N,5.15,4.76,4.86,4,0.13,0,0.74,4.76,4.86,True,0.7013553583629966,5.15
671,671,671,gun,knife,N,3.65,4.83,4.9,4,0.13,0,1.03,4.83,4.9,True,0.4767441146004232,3.65
672,672,672,tin,metal,N,5.63,4.87,4.87,4,0.13,0,1.15,4.87,4.87,True,0.7218946942710902,5.63
673,673,673,bottle,container,N,7.93,4.91,4.85,4,0.13,0,1.38,4.91,4.85,True,0.6879182811098378,7.93
674,674,674,hen,turkey,N,6.13,4.9,4.89,4,0.13,0,1.6,4.9,4.89,True,0.6911633971276205,6.13
675,675,675,meat,bread,N,1.67,4.9,4.92,4,0.13,0,1.62,4.9,4.92,True,0.6431834010306834,1.67
676,676,676,arm,bone,N,3.83,4.96,4.9,4,0.13,0,1.94,4.96,4.9,True,0.8548310060874956,3.83
677,677,677,neck,spine,N,5.32,5.0,4.88,4,0.13,0,1.16,5.0,4.88,True,0.7606116036461142,5.32
678,678,678,apple,lemon,N,4.05,5.0,5.0,4,0.13,0,1.58,5.0,5.0,True,0.7168009448535173,4.05
679,679,679,agony,grief,N,7.63,2.38,2.7,1,0.12,0,1.94,2.38,2.7,True,0.7400378341250637,7.63
680,680,680,assignment,task,N,8.7,3.86,2.84,2,0.12,0,1.37,3.86,2.84,True,0.7372666835630501,8.7
681,681,681,night,dawn,N,2.95,4.52,4.46,3,0.12,0,1.53,4.52,4.46,True,0.7580208482175789,2.95
682,682,682,dinner,soup,N,3.72,4.5,4.72,3,0.12,0,1.89,4.5,4.72,True,0.7951765479474964,3.72
683,683,683,calf,bull,N,4.93,4.48,4.85,3,0.12,0,1.67,4.48,4.85,True,0.8054124823563131,4.93
684,684,684,snow,storm,N,4.8,4.85,4.7,4,0.12,0,0.88,4.85,4.7,True,0.7510217466559796,4.8
685,685,685,nail,hand,N,3.42,4.93,4.72,4,0.12,0,1.14,4.93,4.72,True,0.8595819785403529,3.42
686,686,686,dog,horse,N,2.38,4.85,5.0,4,0.12,0,1.39,4.85,5.0,True,0.5158259612311727,2.38
687,687,687,arm,neck,N,1.58,4.96,5.0,4,0.12,0,0.72,4.96,5.0,True,0.8018799384438562,1.58
688,688,688,ball,glove,N,1.75,5.0,4.97,4,0.12,0,1.27,5.0,4.97,True,0.8228924041078712,1.75
689,689,689,flu,fever,N,6.08,3.65,3.27,2,0.11,0,1.58,3.65,3.27,True,0.6409529041902559,6.08
690,690,690,fee,salary,N,3.72,3.89,3.69,3,0.11,0,1.26,3.89,3.69,True,0.7107850828300534,3.72
691,691,691,nerve,brain,N,3.88,3.89,4.69,3,0.11,0,1.74,3.89,4.69,True,0.7170946961275224,3.88
692,692,692,beast,animal,N,7.83,4.63,4.61,3,0.11,0,1.64,4.63,4.61,True,0.6396817752491839,7.83
693,693,693,dinner,chicken,N,2.85,4.5,4.8,3,0.11,0,1.5,4.5,4.8,True,0.8450645455541114,2.85
694,694,694,girl,maid,N,2.93,4.85,4.64,4,0.11,0,0.9,4.85,4.64,True,0.7789358225595892,2.93
695,695,695,child,boy,N,5.75,4.78,4.76,4,0.11,0,1.82,4.78,4.76,True,0.5381647082614331,5.75
696,696,696,alcohol,wine,N,7.42,4.76,4.79,4,0.11,0,1.53,4.76,4.79,True,0.6567995837361581,7.42
697,697,697,nose,mouth,N,3.73,4.89,4.74,4,0.11,0,1.5,4.89,4.74,True,0.6373718110028193,3.73
698,698,698,street,car,N,2.38,4.75,4.89,4,0.11,0,1.16,4.75,4.89,True,0.8443698983245753,2.38
699,699,699,bell,door,N,2.2,4.96,4.81,4,0.11,0,1.46,4.96,4.81,True,0.8527952763401727,2.2
700,700,700,box,hat,N,1.3,4.9,4.88,4,0.11,0,1.15,4.9,4.88,True,0.8076831336555981,1.3
701,701,701,belief,impression,N,5.95,1.19,2.23,1,0.1,0,0.72,1.19,2.23,True,0.8078371350297684,5.95
702,702,702,bias,opinion,N,5.6,1.68,1.93,1,0.1,0,1.16,1.68,1.93,True,0.8794468705919698,5.6
703,703,703,attention,awareness,N,8.73,2.3,1.84,1,0.1,0,1.64,2.3,1.84,True,0.799483307577551,8.73
704,704,704,anger,mood,N,4.1,2.41,1.75,1,0.1,0,1.87,2.41,1.75,True,0.7703179552704486,4.1
705,705,705,elegance,style,N,5.72,2.18,2.67,1,0.1,0,1.76,2.18,2.67,True,0.7281907406995873,5.72
706,706,706,beauty,age,N,1.58,2.93,2.86,2,0.1,0,1.54,2.93,2.86,True,0.9795039670092394,1.58
707,707,707,book,theme,N,2.58,4.9,2.72,3,0.1,0,0.81,4.9,2.72,True,0.9038832335032682,2.58
708,708,708,friend,mother,N,2.53,3.07,4.6,3,0.1,0,1.54,3.07,4.6,True,0.7335678508037562,2.53
709,709,709,vitamin,iron,N,5.55,4.48,4.59,3,0.1,0,1.14,4.48,4.59,True,0.8492143319024091,5.55
710,710,710,car,factory,N,2.75,4.89,4.76,4,0.1,0,1.43,4.89,4.76,True,0.7786853607497547,2.75
711,711,711,pact,condition,N,2.45,2.52,2.15,1,0.0,0,1.59,2.52,2.15,True,0.9604376337971864,2.45
712,712,712,chapter,choice,N,0.48,3.43,1.9,2,0.0,0,0.86,3.43,1.9,True,0.9858409117469605,0.48
713,713,713,arithmetic,rhythm,N,2.35,2.74,3.07,2,0.0,0,2.08,2.74,3.07,True,0.8544813749797602,2.35
714,714,714,winner,presence,N,1.08,3.21,2.72,2,0.0,0,1.12,3.21,2.72,True,0.9399049570490345,1.08
715,715,715,belief,flower,N,0.4,1.19,5.0,2,0.0,0,1.19,1.19,5.0,True,0.9099707026412875,0.4
716,716,716,winner,goal,N,3.23,3.21,3.06,2,0.0,0,1.67,3.21,3.06,True,0.9009815695222774,3.23
717,717,717,trick,size,N,0.48,3.36,3.13,2,0.0,0,0.59,3.36,3.13,True,1.0219433734732004,0.48
718,718,718,choice,vein,N,0.98,1.9,4.63,2,0.0,0,1.11,1.9,4.63,True,0.9892805680840558,0.98
719,719,719,hymn,conquest,N,0.68,4.04,2.54,2,0.0,0,0.88,4.04,2.54,True,0.8961498021920884,0.68
720,720,720,endurance,band,N,0.4,2.0,4.68,2,0.0,0,0.44,2.0,4.68,True,0.9494407620147656,0.4
721,721,721,jail,choice,N,1.08,4.83,1.9,2,0.0,0,1.08,4.83,1.9,True,0.9853894715282668,1.08
722,722,722,condition,boy,N,0.48,2.15,4.76,2,0.0,0,0.8,2.15,4.76,True,0.9934112038988708,0.48
723,723,723,flower,endurance,N,0.4,5.0,2.0,2,0.0,0,1.7,5.0,2.0,True,0.9380616373454438,0.4
724,724,724,hole,agreement,N,0.3,4.81,2.22,2,0.0,0,1.72,4.81,2.22,True,0.9670871473224837,0.3
725,725,725,doctor,temper,N,0.48,4.69,2.56,2,0.0,0,1.44,4.69,2.56,True,0.9147332090650535,0.48
726,726,726,fraternity,door,N,0.68,2.46,4.81,2,0.0,0,0.94,2.46,4.81,True,0.9589429317158146,0.68
727,727,727,task,woman,N,0.68,2.84,4.46,2,0.0,0,0.34,2.84,4.46,True,1.0094956782662308,0.68
728,728,728,fraternity,baseball,N,0.88,2.46,4.86,2,0.0,0,0.98,2.46,4.86,True,0.8408961724043086,0.88
729,729,729,cent,size,N,0.4,4.19,3.13,2,0.0,0,1.24,4.19,3.13,True,0.9428184601926961,0.4
730,730,730,presence,door,N,0.48,2.72,4.81,3,0.0,0,0.83,2.72,4.81,True,1.0061016220727805,0.48
731,731,731,mouse,management,N,0.48,4.83,2.72,3,0.0,0,1.59,4.83,2.72,True,0.9570980635264048,0.48
732,732,732,task,highway,N,0.48,2.84,4.72,3,0.0,0,1.34,2.84,4.72,True,0.9505473806870907,0.48
733,733,733,liquor,century,N,0.4,4.73,2.83,3,0.0,0,1.31,4.73,2.83,True,1.0126297687127739,0.4
734,734,734,task,straw,N,0.68,2.84,4.77,3,0.0,0,1.53,2.84,4.77,True,0.9716080523306874,0.68
735,735,735,island,task,N,0.3,4.96,2.84,3,0.0,0,0.96,4.96,2.84,True,0.9182031907916126,0.3
736,736,736,night,chapter,N,0.48,4.52,3.43,3,0.0,0,0.92,4.52,3.43,True,0.989850478028824,0.48
737,737,737,pollution,president,N,0.68,3.75,4.4,3,0.0,0,1.6,3.75,4.4,True,0.9930510104349811,0.68
738,738,738,gun,trick,N,0.48,4.83,3.36,3,0.0,0,1.41,4.83,3.36,True,0.9136617288243317,0.48
739,739,739,bath,trick,N,0.58,4.85,3.36,3,0.0,0,1.28,4.85,3.36,True,0.9122064761470708,0.58
740,740,740,diet,apple,N,1.18,3.21,5.0,3,0.0,0,1.56,3.21,5.0,True,0.8833133354681575,1.18
741,741,741,cent,wife,N,0.58,4.19,4.13,3,0.0,0,1.7,4.19,4.13,True,1.0673109021233118,0.58
742,742,742,chapter,tail,N,0.3,3.43,4.96,3,0.0,0,1.57,3.43,4.96,True,0.9949727234671675,0.3
743,743,743,course,stomach,N,0.58,3.82,4.89,3,0.0,0,0.87,3.82,4.89,True,0.9597253581045639,0.58
744,744,744,hymn,straw,N,0.4,4.04,4.77,3,0.0,0,1.64,4.04,4.77,True,0.8818878270700778,0.4
745,745,745,dentist,colonel,N,0.4,4.93,3.89,3,0.0,0,1.7,4.93,3.89,True,0.7942163152637319,0.4
746,746,746,wife,straw,N,0.4,4.13,4.77,3,0.0,0,1.53,4.13,4.77,True,0.9646115225374408,0.4
747,747,747,hole,wife,N,0.68,4.81,4.13,3,0.0,0,1.18,4.81,4.13,True,0.9350352970671062,0.68
748,748,748,pupil,president,N,0.78,4.55,4.4,3,0.0,0,1.28,4.55,4.4,True,0.8646770658873487,0.78
749,749,749,bath,wife,N,0.48,4.85,4.13,3,0.0,0,1.42,4.85,4.13,True,0.9039704139473094,0.48
750,750,750,people,cent,N,0.48,4.82,4.19,3,0.0,0,1.61,4.82,4.19,True,0.9602327798414673,0.48
751,751,751,formula,log,N,1.77,4.11,4.96,3,0.0,0,1.51,4.11,4.96,True,0.9569106796558762,1.77
752,752,752,woman,fur,N,0.58,4.46,4.69,3,0.0,0,0.99,4.46,4.69,True,0.8786649443801373,0.58
753,753,753,apple,sunshine,N,0.58,5.0,4.21,3,0.0,0,1.2,5.0,4.21,True,0.90434096912346,0.58
754,754,754,gun,dawn,N,1.18,4.83,4.46,3,0.0,0,1.57,4.83,4.46,True,0.9241958225166178,1.18
755,755,755,meal,waist,N,0.98,4.62,4.72,3,0.0,0,1.58,4.62,4.72,True,0.910843743249872,0.98
756,756,756,camera,president,N,0.48,5.0,4.4,3,0.0,0,1.56,5.0,4.4,True,0.9854486306906972,0.48
757,757,757,liquor,band,N,0.68,4.73,4.68,3,0.0,0,0.91,4.73,4.68,True,0.9078349697757364,0.68
758,758,758,stomach,vein,N,2.35,4.89,4.63,4,0.0,0,1.2,4.89,4.63,True,0.8390391471106495,2.35
759,759,759,gun,fur,N,0.3,4.83,4.69,4,0.0,0,1.8,4.83,4.69,True,0.8024841033918529,0.3
760,760,760,couch,baseball,N,0.88,4.71,4.86,4,0.0,0,1.32,4.71,4.86,True,0.8731339527438053,0.88
761,761,761,worker,camera,N,0.68,4.59,5.0,4,0.0,0,1.21,4.59,5.0,True,0.8865538597844375,0.68
762,762,762,deck,mouse,N,0.48,4.77,4.83,4,0.0,0,1.48,4.77,4.83,True,0.8180195473411759,0.48
763,763,763,rice,boy,N,0.4,4.86,4.76,4,0.0,0,1.72,4.86,4.76,True,0.8683562202361252,0.4
764,764,764,people,gun,N,0.68,4.82,4.83,4,0.0,0,1.47,4.82,4.83,True,0.9700326259850072,0.68
765,765,765,cliff,tail,N,0.3,4.71,4.96,4,0.0,0,1.57,4.71,4.96,True,0.8753472868811256,0.3
766,766,766,ankle,window,N,0.3,4.81,4.86,4,0.0,0,1.8,4.81,4.86,True,0.8737918874029242,0.3
767,767,767,princess,island,N,0.3,4.72,4.96,4,0.0,0,1.36,4.72,4.96,True,0.8587888062048741,0.3
768,768,768,container,mouse,N,0.3,4.85,4.83,4,0.0,0,0.95,4.85,4.83,True,0.9002374381428648,0.3
769,769,769,wagon,container,N,2.65,4.89,4.85,4,0.0,0,0.85,4.89,4.85,True,0.8080029903507404,2.65
770,770,770,people,balloon,N,0.48,4.82,4.92,4,0.0,0,1.96,4.82,4.92,True,1.0062395369072958,0.48
771,771,771,dollar,people,N,0.4,4.93,4.82,4,0.0,0,1.42,4.93,4.82,True,0.913451286616037,0.4
772,772,772,bath,balloon,N,0.4,4.85,4.92,4,0.0,0,1.41,4.85,4.92,True,0.8702295747757189,0.4
773,773,773,stomach,bedroom,N,0.4,4.89,4.9,4,0.0,0,0.97,4.89,4.9,True,0.811295019490126,0.4
774,774,774,bicycle,bedroom,N,0.4,4.89,4.9,4,0.0,0,1.47,4.89,4.9,True,0.7897719313925873,0.4
775,775,775,log,bath,N,0.4,4.96,4.85,4,0.0,0,1.63,4.96,4.85,True,0.9748305535003705,0.4
776,776,776,bowl,tail,N,0.48,4.87,4.96,4,0.0,0,1.0,4.87,4.96,True,0.8493224531410088,0.48
777,777,777,go,come,V,2.42,3.15,2.72,2,5.75,1,1.51,3.15,2.72,True,0.6773764915118403,2.42
778,778,778,take,steal,V,6.18,3.06,3.84,2,3.28,1,1.69,3.06,3.84,True,0.8563673349535664,6.18
779,779,779,listen,hear,V,8.17,3.47,3.66,2,3.22,1,1.72,3.47,3.66,True,0.761207354933263,8.17
780,780,780,think,rationalize,V,8.25,2.41,1.52,1,3.17,1,1.13,2.41,1.52,True,0.8425705596649561,8.25
781,781,781,occur,happen,V,9.32,1.84,1.78,1,2.87,1,1.34,1.84,1.78,True,0.52992018710879,9.32
782,782,782,vanish,disappear,V,9.8,2.77,2.86,2,2.76,1,0.46,2.77,2.86,True,0.312813073604728,9.8
783,783,783,multiply,divide,V,1.75,2.79,2.86,2,2.53,1,1.32,2.79,2.86,True,0.8701153558896846,1.75
784,784,784,plead,beg,V,9.08,2.59,2.96,2,2.5,1,1.26,2.59,2.96,True,0.7554425238508855,9.08
785,785,785,begin,originate,V,8.2,2.56,2.23,1,2.44,1,0.75,2.56,2.23,True,0.749229880621356,8.2
786,786,786,protect,defend,V,9.13,2.86,2.31,1,2.28,1,1.29,2.86,2.31,True,0.5502077229016925,9.13
787,787,787,kill,destroy,V,5.9,3.9,3.08,2,2.0,1,1.93,3.9,3.08,True,0.6908989542947964,5.9
788,788,788,create,make,V,8.72,2.62,2.67,2,1.72,1,1.14,2.62,2.67,True,0.7241941575757278,8.72
789,789,789,accept,reject,V,0.83,3.03,2.4,2,1.69,1,1.28,3.03,2.4,True,0.6086754983365794,0.83
790,790,790,ignore,avoid,V,6.87,2.22,2.41,1,1.56,1,1.22,2.22,2.41,True,0.6563462134994713,6.87
791,791,791,carry,bring,V,5.8,4.04,2.55,2,1.37,1,1.24,4.04,2.55,True,0.8082724378348495,5.8
792,792,792,leave,enter,V,0.95,2.53,3.12,2,1.3,1,1.91,2.53,3.12,True,0.7243178562061181,0.95
793,793,793,choose,elect,V,7.62,2.62,2.41,1,1.28,1,1.14,2.62,2.41,True,0.6265805177717991,7.62
794,794,794,lose,fail,V,7.33,2.25,3.0,2,1.28,1,1.79,2.25,3.0,True,0.865701208270717,7.33
795,795,795,encourage,discourage,V,1.58,2.61,1.9,1,1.23,1,1.55,2.61,1.9,True,0.33292342508714257,1.58
796,796,796,achieve,accomplish,V,8.57,2.29,2.33,1,1.22,1,0.94,2.29,2.33,True,0.4375741273221464,8.57
797,797,797,make,construct,V,8.33,2.67,2.6,2,1.2,1,0.85,2.67,2.6,True,0.7686361560188294,8.33
798,798,798,listen,obey,V,4.93,3.47,2.67,2,1.19,1,1.33,3.47,2.67,True,0.826764602120877,4.93
799,799,799,inform,notify,V,9.25,2.25,3.04,2,1.15,1,0.44,2.25,3.04,True,0.4515386000286371,9.25
800,800,800,receive,give,V,1.47,2.69,2.83,2,1.11,1,1.19,2.69,2.83,True,0.7759822732353205,1.47
801,801,801,borrow,beg,V,2.62,3.1,2.96,2,1.0,1,1.89,3.1,2.96,True,0.848523799536578,2.62
802,802,802,take,obtain,V,7.1,3.06,3.0,2,0.9,1,1.01,3.06,3.0,True,0.8416708960059861,7.1
803,803,803,advise,recommend,V,8.1,2.03,1.74,1,0.89,1,1.6,2.03,1.74,True,0.6371997076352723,8.1
804,804,804,imitate,portray,V,6.75,2.66,2.18,1,0.89,1,1.13,2.66,2.18,True,0.766320859768574,6.75
805,805,805,win,succeed,V,7.9,2.67,2.33,1,0.89,1,1.83,2.67,2.33,True,0.8249790138867943,7.9
806,806,806,think,decide,V,5.13,2.41,1.92,1,0.88,1,1.4,2.41,1.92,True,0.8355140172740831,5.13
807,807,807,greet,meet,V,6.17,2.96,3.0,2,0.83,1,1.73,2.96,3.0,True,0.7466376843379003,6.17
808,808,808,agree,argue,V,0.77,2.31,2.75,1,0.81,1,1.68,2.31,2.75,True,0.6492595411567383,0.77
809,809,809,enjoy,entertain,V,5.92,2.29,2.55,1,0.79,1,1.27,2.29,2.55,True,0.7427855149277922,5.92
810,810,810,destroy,make,V,1.6,3.08,2.67,2,0.78,1,1.72,3.08,2.67,True,0.8760819002811588,1.6
811,811,811,save,protect,V,6.58,2.42,2.86,2,0.74,1,0.44,2.42,2.86,True,0.7424624220992406,6.58
812,812,812,give,lend,V,7.22,2.83,3.07,2,0.72,1,0.93,2.83,3.07,True,0.7190286393735386,7.22
813,813,813,understand,know,V,7.47,2.28,1.68,1,0.71,1,1.26,2.28,1.68,True,0.6137662906230068,7.47
814,814,814,take,receive,V,5.08,3.06,2.69,2,0.7,1,0.48,3.06,2.69,True,0.7992513057602889,5.08
815,815,815,accept,acknowledge,V,6.88,3.03,2.03,1,0.69,1,1.63,3.03,2.03,True,0.574250443739776,6.88
816,816,816,decide,choose,V,8.87,1.92,2.62,1,0.67,1,1.26,1.92,2.62,True,0.5817183240271693,8.87
817,817,817,accept,believe,V,6.75,3.03,1.55,1,0.67,1,1.61,3.03,1.55,True,0.8120613968616246,6.75
818,818,818,keep,possess,V,8.27,2.37,2.6,1,0.62,1,0.8,2.37,2.6,True,0.9186499670114063,8.27
819,819,819,roam,wander,V,8.83,2.85,2.28,1,0.61,1,0.89,2.85,2.28,True,0.6404806354600563,8.83
820,820,820,succeed,fail,V,0.83,2.33,3.0,2,0.61,1,1.44,2.33,3.0,True,0.7583854564799949,0.83
821,821,821,spend,save,V,0.55,2.93,2.42,2,0.61,1,1.06,2.93,2.42,True,0.7449870884476746,0.55
822,822,822,leave,go,V,7.63,2.53,3.15,2,0.61,1,1.49,2.53,3.15,True,0.8489650622350213,7.63
823,823,823,come,attend,V,8.1,2.72,3.17,2,0.61,1,1.6,2.72,3.17,True,0.930604179468926,8.1
824,824,824,know,believe,V,5.5,1.68,1.55,1,0.6,1,1.18,1.68,1.55,True,0.7929288088434379,5.5
825,825,825,gather,meet,V,7.3,2.75,3.0,2,0.55,1,0.59,2.75,3.0,True,0.6652197283387626,7.3
826,826,826,make,earn,V,7.62,2.67,2.39,1,0.54,1,1.92,2.67,2.39,True,0.7490892103163016,7.62
827,827,827,forget,ignore,V,3.07,2.04,2.22,1,0.5,1,1.25,2.04,2.22,True,0.7242681061594727,3.07
828,828,828,multiply,add,V,2.7,2.79,3.0,2,0.5,1,1.8,2.79,3.0,True,0.8740038595229186,2.7
829,829,829,shrink,grow,V,0.23,3.55,3.03,2,0.5,1,1.2,3.55,3.03,True,0.5873650808265822,0.23
830,830,830,arrive,leave,V,1.33,3.22,2.53,2,0.49,1,1.48,3.22,2.53,True,0.837500824475353,1.33
831,831,831,succeed,try,V,3.98,2.33,2.22,1,0.48,1,1.35,2.33,2.22,True,0.9006515005882051,3.98
832,832,832,accept,deny,V,1.75,3.03,2.2,2,0.48,1,1.41,3.03,2.2,True,0.8096918554207088,1.75
833,833,833,arrive,come,V,7.05,3.22,2.72,2,0.48,1,1.56,3.22,2.72,True,0.72513033433523,7.05
834,834,834,agree,differ,V,1.05,2.31,1.59,1,0.42,0,1.53,2.31,1.59,True,0.7783020598847186,1.05
835,835,835,send,receive,V,1.08,2.7,2.69,2,0.42,0,1.53,2.7,2.69,True,0.7750934897407702,1.08
836,836,836,win,dominate,V,5.68,2.67,2.12,1,0.41,0,1.74,2.67,2.12,True,0.8616922445341147,5.68
837,837,837,add,divide,V,2.3,3.0,2.86,2,0.41,0,1.25,3.0,2.86,True,0.9399903645406659,2.3
838,838,838,kill,choke,V,4.92,3.9,3.97,3,0.41,0,1.48,3.9,3.97,True,0.8164741094571579,4.92
839,839,839,acquire,get,V,8.82,2.93,2.38,2,0.39,0,0.94,2.93,2.38,True,0.8158154807033521,8.82
840,840,840,participate,join,V,7.7,2.59,2.86,2,0.39,0,1.69,2.59,2.86,True,0.7265952889315006,7.7
841,841,841,leave,remain,V,2.53,2.53,1.96,1,0.34,0,1.36,2.53,1.96,True,0.8360082121879341,2.53
842,842,842,go,enter,V,4.0,3.15,3.12,2,0.34,0,1.43,3.15,3.12,True,0.8035453851186173,4.0
843,843,843,take,carry,V,5.23,3.06,4.04,2,0.34,0,0.44,3.06,4.04,True,0.8142305628190413,5.23
844,844,844,forget,learn,V,1.18,2.04,2.2,1,0.33,0,1.65,2.04,2.2,True,0.8482845736474048,1.18
845,845,845,appoint,elect,V,8.17,2.24,2.41,1,0.33,0,1.51,2.24,2.41,True,0.5776133151867262,8.17
846,846,846,engage,marry,V,5.43,2.07,3.03,1,0.33,0,1.12,2.07,3.03,True,0.8969603465196412,5.43
847,847,847,ask,pray,V,3.72,2.52,3.21,2,0.33,0,1.63,2.52,3.21,True,0.8576103391445765,3.72
848,848,848,go,send,V,3.75,3.15,2.7,2,0.33,0,0.77,3.15,2.7,True,0.8122193082101881,3.75
849,849,849,take,deliver,V,4.37,3.06,3.12,2,0.33,0,1.16,3.06,3.12,True,0.8542476638836585,4.37
850,850,850,speak,hear,V,3.02,3.7,3.66,2,0.33,0,0.76,3.7,3.66,True,0.8176714157875766,3.02
851,851,851,analyze,evaluate,V,8.03,2.3,1.85,1,0.28,0,0.49,2.3,1.85,True,0.5013306967264117,8.03
852,852,852,argue,rationalize,V,4.2,2.75,1.52,1,0.28,0,1.21,2.75,1.52,True,0.7386162660394928,4.2
853,853,853,lose,keep,V,1.05,2.25,2.37,1,0.28,0,1.57,2.25,2.37,True,0.8325957089607963,1.05
854,854,854,compare,analyze,V,8.1,2.52,2.3,1,0.28,0,0.84,2.52,2.3,True,0.7086789655529175,8.1
855,855,855,disorganize,organize,V,1.45,2.44,2.72,1,0.28,0,1.3,2.44,2.72,True,0.5145906271824295,1.45
856,856,856,go,allow,V,3.62,3.15,2.41,2,0.28,0,1.53,3.15,2.41,True,0.9558518360866844,3.62
857,857,857,take,possess,V,7.2,3.06,2.6,2,0.28,0,1.14,3.06,2.6,True,0.9545485926361346,7.2
858,858,858,learn,listen,V,3.88,2.2,3.47,2,0.28,0,1.65,2.2,3.47,True,0.8126307665350252,3.88
859,859,859,destroy,construct,V,0.92,3.08,2.6,2,0.28,0,1.78,3.08,2.6,True,0.7655461772751513,0.92
860,860,860,create,build,V,8.48,2.62,3.71,2,0.28,0,1.14,2.62,3.71,True,0.6565452553390778,8.48
861,861,861,steal,buy,V,1.13,3.84,3.35,2,0.28,0,0.95,3.84,3.35,True,0.7373801973426695,1.13
862,862,862,kill,hang,V,4.45,3.9,3.7,3,0.28,0,1.43,3.9,3.7,True,0.8774014951914308,4.45
863,863,863,forget,know,V,0.92,2.04,1.68,1,0.27,0,1.6,2.04,1.68,True,0.7833778326406067,0.92
864,864,864,create,imagine,V,5.13,2.62,1.53,1,0.27,0,1.7,2.62,1.53,True,0.8991415756781547,5.13
865,865,865,do,happen,V,4.23,2.46,1.78,1,0.27,0,1.02,2.46,1.78,True,0.8055486608348821,4.23
866,866,866,win,accomplish,V,7.85,2.67,2.33,1,0.27,0,0.8,2.67,2.33,True,0.8744160828982444,7.85
867,867,867,give,deny,V,1.43,2.83,2.2,1,0.27,0,1.36,2.83,2.2,True,0.7550223326966388,1.43
868,868,868,deserve,earn,V,5.8,1.69,2.39,1,0.23,0,0.62,1.69,2.39,True,0.7564486051827582,5.8
869,869,869,get,put,V,1.98,2.38,2.5,1,0.22,0,1.33,2.38,2.5,True,0.8010607578651362,1.98
870,870,870,locate,find,V,8.73,2.97,2.63,2,0.22,0,1.54,2.97,2.63,True,0.7104052257766815,8.73
871,871,871,appear,attend,V,6.28,3.13,3.17,2,0.22,0,1.47,3.13,3.17,True,0.8681264243212529,6.28
872,872,872,know,comprehend,V,7.63,1.68,1.86,1,0.21,0,1.39,1.68,1.86,True,0.7723257252198495,7.63
873,873,873,pretend,imagine,V,8.47,2.11,1.53,1,0.21,0,1.63,2.11,1.53,True,0.852621876577291,8.47
874,874,874,satisfy,please,V,7.67,2.04,1.64,1,0.21,0,1.74,2.04,1.64,True,0.7858217490906403,7.67
875,875,875,cherish,keep,V,4.85,1.73,2.37,1,0.21,0,1.78,1.73,2.37,True,0.8190319489865918,4.85
876,876,876,argue,differ,V,5.15,2.75,1.59,1,0.21,0,1.22,2.75,1.59,True,0.8771208445660696,5.15
877,877,877,overcome,dominate,V,6.25,2.28,2.12,1,0.21,0,1.58,2.28,2.12,True,0.9342696929229001,6.25
878,878,878,behave,obey,V,7.3,1.78,2.67,1,0.21,0,1.24,1.78,2.67,True,0.7916319765663502,7.3
879,879,879,cooperate,participate,V,6.43,1.87,2.59,1,0.21,0,1.5,1.87,2.59,True,0.664173058295488,6.43
880,880,880,achieve,try,V,4.42,2.29,2.22,1,0.21,0,1.14,2.29,2.22,True,0.9425349062280797,4.42
881,881,881,fail,discourage,V,3.33,3.0,1.9,1,0.21,0,1.2,3.0,1.9,True,0.9331022907449932,3.33
882,882,882,begin,quit,V,1.28,2.56,2.56,1,0.21,0,1.53,2.56,2.56,True,0.8948508360431745,1.28
883,883,883,say,participate,V,3.82,2.58,2.59,1,0.21,0,1.3,2.58,2.59,True,0.9922909095421927,3.82
884,884,884,come,bring,V,2.42,2.72,2.55,2,0.21,0,1.03,2.72,2.55,True,0.8221978344406233,2.42
885,885,885,declare,announce,V,9.08,2.0,3.31,2,0.21,0,1.56,2.0,3.31,True,0.6569436311909769,9.08
886,886,886,read,comprehend,V,4.7,3.56,1.86,2,0.21,0,1.75,3.56,1.86,True,0.839013062094674,4.7
887,887,887,take,leave,V,2.47,3.06,2.53,2,0.21,0,0.8,3.06,2.53,True,0.8251561721399996,2.47
888,888,888,proclaim,announce,V,8.18,2.36,3.31,2,0.21,0,1.58,2.36,3.31,True,0.6720080284091388,8.18
889,889,889,acquire,obtain,V,8.57,2.93,3.0,2,0.21,0,1.96,2.93,3.0,True,0.6577727656749602,8.57
890,890,890,conclude,decide,V,7.75,1.78,1.92,1,0.2,0,1.17,1.78,1.92,True,0.7520350936553942,7.75
891,891,891,please,plead,V,2.98,1.64,2.59,1,0.2,0,1.18,1.64,2.59,True,0.6342881272004789,2.98
892,892,892,argue,prove,V,4.83,2.75,1.83,1,0.2,0,0.62,2.75,1.83,True,0.8699792177296432,4.83
893,893,893,ask,plead,V,6.47,2.52,2.59,1,0.2,0,1.62,2.52,2.59,True,0.8343271386670728,6.47
894,894,894,find,disappear,V,0.77,2.63,2.86,2,0.2,0,1.04,2.63,2.86,True,0.9164357233309175,0.77
895,895,895,inspect,examine,V,8.75,3.31,2.86,2,0.2,0,1.39,3.31,2.86,True,0.5847663187278797,8.75
896,896,896,verify,justify,V,4.08,2.1,1.45,1,0.17,0,1.11,2.1,1.45,True,0.7660381293177485,4.08
897,897,897,assume,predict,V,4.85,1.75,2.0,1,0.17,0,1.02,1.75,2.0,True,0.7621429185939141,4.85
898,898,898,learn,evaluate,V,4.17,2.2,1.85,1,0.17,0,0.88,2.2,1.85,True,0.8506652485261639,4.17
899,899,899,argue,justify,V,5.0,2.75,1.45,1,0.17,0,1.13,2.75,1.45,True,0.7940347345153963,5.0
900,900,900,make,become,V,4.77,2.67,1.54,1,0.17,0,0.82,2.67,1.54,True,0.8470993066074715,4.77
901,901,901,discover,originate,V,4.83,2.37,2.23,1,0.17,0,1.33,2.37,2.23,True,0.8748756721499096,4.83
902,902,902,achieve,succeed,V,7.5,2.29,2.33,1,0.17,0,1.29,2.29,2.33,True,0.7503703941745131,7.5
903,903,903,give,put,V,3.65,2.83,2.5,2,0.17,0,1.47,2.83,2.5,True,0.7386108919755922,3.65
904,904,904,understand,listen,V,4.68,2.28,3.47,2,0.17,0,1.66,2.28,3.47,True,0.8383111661130633,4.68
905,905,905,expand,grow,V,8.27,3.36,3.03,2,0.17,0,1.28,3.36,3.03,True,0.6596128185112247,8.27
906,906,906,borrow,sell,V,1.73,3.1,3.35,2,0.17,0,1.21,3.1,3.35,True,0.8815585038942125,1.73
907,907,907,keep,protect,V,5.4,2.37,2.86,2,0.15,0,1.26,2.37,2.86,True,0.7432343874553222,5.4
908,908,908,explain,prove,V,4.1,1.97,1.83,1,0.14,0,1.29,1.97,1.83,True,0.8062570445775347,4.1
909,909,909,assume,pretend,V,3.72,1.75,2.11,1,0.14,0,1.15,1.75,2.11,True,0.8558745129231276,3.72
910,910,910,agree,please,V,4.13,2.31,1.64,1,0.14,0,1.7,2.31,1.64,True,0.9896351647555778,4.13
911,911,911,forgive,forget,V,3.92,1.92,2.04,1,0.14,0,1.5,1.92,2.04,True,0.6866149690447861,3.92
912,912,912,clarify,explain,V,8.33,2.07,1.97,1,0.14,0,1.74,2.07,1.97,True,0.6585742774704514,8.33
913,913,913,understand,forgive,V,4.87,2.28,1.92,1,0.14,0,1.32,2.28,1.92,True,0.7826772595947635,4.87
914,914,914,remind,forget,V,0.87,2.19,2.04,1,0.14,0,1.56,2.19,2.04,True,0.8545412377865146,0.87
915,915,915,get,remain,V,1.6,2.38,1.96,1,0.14,0,1.68,2.38,1.96,True,0.8820876072782694,1.6
916,916,916,realize,discover,V,7.47,2.03,2.37,1,0.14,0,0.59,2.03,2.37,True,0.6837783301639961,7.47
917,917,917,require,inquire,V,1.82,2.07,2.38,1,0.14,0,1.06,2.07,2.38,True,0.6680558227991951,1.82
918,918,918,ignore,ask,V,1.07,2.22,2.52,1,0.14,0,1.27,2.22,2.52,True,0.8379666765688122,1.07
919,919,919,think,inquire,V,4.77,2.41,2.38,1,0.14,0,1.23,2.41,2.38,True,0.8160087210473453,4.77
920,920,920,reject,avoid,V,4.78,2.4,2.41,1,0.14,0,1.36,2.4,2.41,True,0.8082758890829354,4.78
921,921,921,argue,persuade,V,6.23,2.75,2.07,1,0.14,0,1.7,2.75,2.07,True,0.8445386547166425,6.23
922,922,922,pursue,persuade,V,3.17,2.83,2.07,1,0.14,0,1.39,2.83,2.07,True,0.783452146223429,3.17
923,923,923,accept,forgive,V,3.73,3.03,1.92,1,0.14,0,1.75,3.03,1.92,True,0.7093678285291634,3.73
924,924,924,do,quit,V,1.17,2.46,2.56,1,0.14,0,1.81,2.46,2.56,True,0.9283152265960707,1.17
925,925,925,investigate,examine,V,8.1,2.27,2.86,1,0.14,0,1.31,2.27,2.86,True,0.489469694408036,8.1
926,926,926,discuss,explain,V,6.67,3.17,1.97,1,0.14,0,1.53,3.17,1.97,True,0.7251200209465267,6.67
927,927,927,owe,lend,V,2.32,2.07,3.07,1,0.14,0,0.82,2.07,3.07,True,0.688708991688457,2.32
928,928,928,explore,discover,V,8.48,2.9,2.37,2,0.14,0,1.33,2.9,2.37,True,0.7070100335549045,8.48
929,929,929,complain,argue,V,4.8,2.6,2.75,2,0.14,0,0.9,2.6,2.75,True,0.6437943320187436,4.8
930,930,930,withdraw,reject,V,6.38,3.04,2.4,2,0.14,0,1.97,3.04,2.4,True,0.7541453177753752,6.38
931,931,931,keep,borrow,V,2.25,2.37,3.1,2,0.14,0,1.29,2.37,3.1,True,0.9096642424213578,2.25
932,932,932,beg,ask,V,6.0,2.96,2.52,2,0.14,0,1.58,2.96,2.52,True,0.6492756153697766,6.0
933,933,933,arrange,organize,V,8.27,2.79,2.72,2,0.14,0,1.1,2.79,2.72,True,0.641516103304824,8.27
934,934,934,reduce,shrink,V,8.02,2.0,3.55,2,0.14,0,1.82,2.0,3.55,True,0.6695310446455007,8.02
935,935,935,speak,acknowledge,V,4.67,3.7,2.03,2,0.14,0,1.47,3.7,2.03,True,0.8852477031547732,4.67
936,936,936,give,borrow,V,2.22,2.83,3.1,2,0.14,0,1.63,2.83,3.1,True,0.8997927867332909,2.22
937,937,937,kill,defend,V,2.63,3.9,2.31,2,0.14,0,0.85,3.9,2.31,True,0.9449016355321613,2.63
938,938,938,disappear,shrink,V,5.8,2.86,3.55,2,0.14,0,1.0,2.86,3.55,True,0.6812031670140692,5.8
939,939,939,deliver,carry,V,3.88,3.12,4.04,2,0.14,0,1.44,3.12,4.04,True,0.7860841726464175,3.88
940,940,940,breathe,choke,V,1.37,4.07,3.97,3,0.14,0,2.02,4.07,3.97,True,0.8383522043708234,1.37
941,941,941,acknowledge,notify,V,5.3,2.03,3.04,1,0.13,0,0.62,2.03,3.04,True,0.842751756385956,5.3
942,942,942,become,seem,V,2.63,1.54,1.75,1,0.11,0,1.79,1.54,1.75,True,0.812246339288884,2.63
943,943,943,pretend,seem,V,4.68,2.11,1.75,1,0.11,0,1.63,2.11,1.75,True,0.8093460834131901,4.68
944,944,944,accomplish,become,V,4.0,2.33,1.54,1,0.11,0,0.85,2.33,1.54,True,0.8326764677376097,4.0
945,945,945,contemplate,think,V,8.82,1.71,2.41,1,0.11,0,1.59,1.71,2.41,True,0.8031266776028336,8.82
946,946,946,determine,predict,V,5.8,2.13,2.0,1,0.11,0,1.37,2.13,2.0,True,0.7269584892422231,5.8
947,947,947,please,entertain,V,5.0,1.64,2.55,1,0.11,0,0.71,1.64,2.55,True,0.9174828245773565,5.0
948,948,948,remain,retain,V,5.75,1.96,2.32,1,0.11,0,1.12,1.96,2.32,True,0.5528756380722357,5.75
949,949,949,pretend,portray,V,7.03,2.11,2.18,1,0.11,0,1.64,2.11,2.18,True,0.8793555575885047,7.03
950,950,950,forget,retain,V,0.63,2.04,2.32,1,0.11,0,1.68,2.04,2.32,True,0.8907087794999473,0.63
951,951,951,want,choose,V,4.78,1.93,2.62,1,0.11,0,1.56,1.93,2.62,True,0.7638865829298547,4.78
952,952,952,lose,get,V,0.77,2.25,2.38,1,0.11,0,1.33,2.25,2.38,True,0.7990455610096472,0.77
953,953,953,try,think,V,2.62,2.22,2.41,1,0.11,0,1.45,2.22,2.41,True,0.8981910815935954,2.62
954,954,954,become,appear,V,4.77,1.54,3.13,1,0.11,0,1.51,1.54,3.13,True,0.8377234076961974,4.77
955,955,955,leave,ignore,V,4.42,2.53,2.22,1,0.11,0,1.33,2.53,2.22,True,0.9393483815901826,4.42
956,956,956,accept,recommend,V,2.75,3.03,1.74,1,0.11,0,1.01,3.03,1.74,True,0.8553721904742038,2.75
957,957,957,leave,wander,V,3.57,2.53,2.28,1,0.11,0,1.33,2.53,2.28,True,0.9150124483614712,3.57
958,958,958,keep,give,V,1.05,2.37,2.83,2,0.11,0,1.03,2.37,2.83,True,0.8157662040371623,1.05
959,959,959,give,allow,V,5.15,2.83,2.41,2,0.11,0,1.32,2.83,2.41,True,0.6258085573813312,5.15
960,960,960,bring,send,V,2.97,2.55,2.7,2,0.11,0,0.88,2.55,2.7,True,0.7293379222844085,2.97
961,961,961,absorb,learn,V,5.48,3.11,2.2,2,0.11,0,1.16,3.11,2.2,True,0.9264871358823782,5.48
962,962,962,acquire,find,V,6.38,2.93,2.63,2,0.11,0,1.74,2.93,2.63,True,0.9026374329644277,6.38
963,963,963,leave,appear,V,0.97,2.53,3.13,2,0.11,0,1.45,2.53,3.13,True,0.9633508739076881,0.97
964,964,964,create,destroy,V,0.63,2.62,3.08,2,0.11,0,1.1,2.62,3.08,True,0.7863261591306577,0.63
965,965,965,begin,go,V,7.42,2.56,3.15,2,0.11,0,1.24,2.56,3.15,True,0.7903082473323255,7.42
966,966,966,get,buy,V,5.08,2.38,3.35,2,0.11,0,1.02,2.38,3.35,True,0.7795777233184675,5.08
967,967,967,collect,save,V,6.67,3.34,2.42,2,0.11,0,0.44,3.34,2.42,True,0.8275457398074306,6.67
968,968,968,replace,restore,V,5.73,3.0,2.79,2,0.11,0,1.08,3.0,2.79,True,0.7711378066127215,5.73
969,969,969,join,add,V,8.1,2.86,3.0,2,0.11,0,0.88,2.86,3.0,True,0.8846056909951552,8.1
970,970,970,join,marry,V,5.35,2.86,3.03,2,0.11,0,1.41,2.86,3.03,True,0.8075870337319246,5.35
971,971,971,accept,deliver,V,1.58,3.03,3.12,2,0.11,0,1.37,3.03,3.12,True,0.8376801683840565,1.58
972,972,972,attach,join,V,7.75,3.33,2.86,2,0.11,0,0.94,3.33,2.86,True,0.9537395167785019,7.75
973,973,973,put,hang,V,3.0,2.5,3.7,2,0.11,0,1.49,2.5,3.7,True,0.9638961293219446,3.0
974,974,974,go,sell,V,0.97,3.15,3.35,2,0.11,0,0.9,3.15,3.35,True,0.8950334893654563,0.97
975,975,975,communicate,pray,V,3.55,3.43,3.21,2,0.11,0,1.38,3.43,3.21,True,0.8510151601286589,3.55
976,976,976,give,steal,V,0.5,2.83,3.84,2,0.11,0,0.62,2.83,3.84,True,0.9148419622598968,0.5
977,977,977,add,build,V,4.92,3.0,3.71,2,0.11,0,1.1,3.0,3.71,True,0.8118930206432681,4.92
978,978,978,bring,restore,V,2.62,2.55,2.79,2,0.1,0,0.74,2.55,2.79,True,0.7336393330720086,2.62
979,979,979,comprehend,satisfy,V,2.55,1.86,2.04,1,0.0,0,1.0,1.86,2.04,True,0.8092783476994903,2.55
980,980,980,portray,decide,V,1.18,2.18,1.92,1,0.0,0,1.37,2.18,1.92,True,0.9836049990869501,1.18
981,981,981,organize,become,V,1.77,2.72,1.54,1,0.0,0,1.86,2.72,1.54,True,0.9152313112953349,1.77
982,982,982,give,know,V,0.88,2.83,1.68,1,0.0,0,1.12,2.83,1.68,True,0.9247669419769351,0.88
983,983,983,say,verify,V,4.9,2.58,2.1,1,0.0,0,0.65,2.58,2.1,True,0.8634720895066221,4.9
984,984,984,cooperate,join,V,5.18,1.87,2.86,1,0.0,0,0.36,1.87,2.86,True,0.8664390090528731,5.18
985,985,985,arrange,require,V,0.98,2.79,2.07,1,0.0,0,1.72,2.79,2.07,True,0.8679128161239886,0.98
986,986,986,borrow,want,V,1.77,3.1,1.93,1,0.0,0,1.22,3.1,1.93,True,0.9603739445180861,1.77
987,987,987,investigate,pursue,V,7.15,2.27,2.83,1,0.0,0,0.56,2.27,2.83,True,0.7424507395970705,7.15
988,988,988,ignore,explore,V,0.4,2.22,2.9,1,0.0,0,1.19,2.22,2.9,True,0.8422577407431122,0.4
989,989,989,bring,complain,V,0.98,2.55,2.6,1,0.0,0,1.57,2.55,2.6,True,0.9556107071389859,0.98
990,990,990,enter,owe,V,0.68,3.12,2.07,1,0.0,0,1.67,3.12,2.07,True,0.9052220326932691,0.68
991,991,991,portray,notify,V,0.78,2.18,3.04,2,0.0,0,1.17,2.18,3.04,True,0.9225630981480988,0.78
992,992,992,remind,sell,V,0.4,2.19,3.35,2,0.0,0,1.61,2.19,3.35,True,0.924998610784363,0.4
993,993,993,absorb,possess,V,5.0,3.11,2.6,2,0.0,0,1.15,3.11,2.6,True,0.8766131862284027,5.0
994,994,994,join,acquire,V,2.85,2.86,2.93,2,0.0,0,0.99,2.86,2.93,True,0.8768435937405638,2.85
995,995,995,send,attend,V,1.67,2.7,3.17,2,0.0,0,1.44,2.7,3.17,True,0.8494713475570959,1.67
996,996,996,gather,attend,V,4.8,2.75,3.17,2,0.0,0,1.97,2.75,3.17,True,0.8695003910828565,4.8
997,997,997,absorb,withdraw,V,2.97,3.11,3.04,2,0.0,0,1.75,3.11,3.04,True,0.8708899888663695,2.97
998,998,998,attend,arrive,V,6.08,3.17,3.22,2,0.0,0,1.18,3.17,3.22,True,0.8259752091777652,6.08
